#VRML V2.0 utf8
# 3D model generated by easyeda2kicad.py (https://github.com/uPesy/easyeda2kicad.py)

Shape{
    appearance Appearance {
        material  Material 	{
            diffuseColor 0.20784313725490197 0.20784313725490197 0.20784313725490197
            specularColor 0.01568627450980392 0.01568627450980392 0.01568627450980392
            ambientIntensity 0.2
            transparency 0
            shininess 0.5
        }
    }
    geometry IndexedFaceSet {
        ccw TRUE
        solid FALSE
        coord DEF co Coordinate {
            point [
                1.378 0.4134 0.1378, 1.378 -0.8205 0.1378, 1.378 0.4134 -0.1378, 1.378 -0.8205 -0.1378, -1.2152 -1.1024 0.1378, 1.2152 -1.1024 0.1378, -1.378 -0.8205 0.1378, -1.378 0.4134 0.1378, -1.378 0.4134 -0.1378, -1.378 -0.8205 -0.1378, 1.2152 -1.1024 -0.1378, -1.2152 -1.1024 -0.1378, 1.1811 -1.1614 -0.0787, 1.1811 -1.1614 0.0787, -1.1811 -1.1614 -0.0787, -1.1811 -1.1614 0.0787, 1.5692 0.4134 -0.2751, 1.594 0.4134 -0.2044, 1.6024 0.4134 -0.1299, 1.6024 0.4134 0.1299, -1.5294 0.4134 -0.3386, -1.4764 0.4134 -0.3916, -1.2677 0.4134 -0.4646, 1.2677 0.4134 -0.4646, 1.3422 0.4134 -0.4562, 1.4129 0.4134 -0.4314, 1.4764 0.4134 -0.3916, 1.5294 0.4134 -0.3386, 1.3422 0.4134 0.4562, 1.2677 0.4134 0.4646, 1.594 0.4134 0.2044, 1.5692 0.4134 0.2751, 1.5294 0.4134 0.3386, -1.6024 0.4134 -0.1299, -1.6024 0.4134 0.1299, -1.594 0.4134 -0.2044, -1.5692 0.4134 -0.2751, -1.2677 0.4134 0.4646, -1.3422 0.4134 0.4562, -1.4129 0.4134 -0.4314, -1.3422 0.4134 -0.4562, -1.5294 0.4134 0.3386, -1.5692 0.4134 0.2751, -1.594 0.4134 0.2044, -1.4129 0.4134 0.4314, -1.4764 0.4134 0.3916, 1.4764 0.4134 0.3916, 1.4129 0.4134 0.4314, -1.6417 1.2795 -0.5827, -1.6417 1.2795 -0.4449, -1.1024 1.2795 -0.4449, -1.2677 1.2795 0.5039, -1.1024 1.2795 0.5039, -1.1811 1.2795 -0.248, 1.6417 1.2795 0.1299, 1.6417 1.2795 -0.4449, 1.4902 1.2795 -0.4449, 1.6324 1.2795 0.2131, 1.4902 1.2795 0.4291, 1.5009 1.2795 0.4223, 1.5601 1.2795 0.3631, 1.6047 1.2795 0.2922, 1.3386 1.2795 -0.3071, 1.3386 1.2795 -0.248, 1.1811 1.2795 -0.3071, 1.1024 1.2795 -0.4449, 1.1811 1.2795 -0.248, 1.43 1.2795 0.4669, 1.3509 1.2795 0.4946, 0.8661 1.2795 0.5039, 1.1024 1.2795 0.5039, 0.8661 1.2795 0.1312, 1.0236 1.2795 -0.248, 0.7972 1.2795 0.1709, 0.8661 1.2795 -0.248, 0.7972 1.2795 -0.4449, 0.8661 1.2795 -0.3071, 1.0236 1.2795 -0.3071, 1.2677 1.2795 0.5039, 0.6496 1.2795 -0.248, 0.5906 1.2795 0.2903, 0.7283 1.2795 -0.248, 0.5906 1.2795 -0.4449, 0.6496 1.2795 -0.3071, 0.7283 1.2795 -0.3071, 0.5315 1.2795 -0.3071, 0.5315 1.2795 -0.248, 0.4528 1.2795 -0.248, 0.3937 1.2795 0.4039, 0.4528 1.2795 -0.3071, 0.3937 1.2795 -0.4449, 0.1378 1.2795 -0.248, 0.0591 1.2795 -0.248, 0.0 1.2795 0.4961, 0.2151 1.2795 0.4961, 0.2335 1.2795 0.4936, 0.2506 1.2795 0.4866, 0.1378 1.2795 -0.3071, 0.0591 1.2795 -0.3071, 0.0 1.2795 -0.4449, 0.3346 1.2795 -0.248, 0.2559 1.2795 -0.248, 0.2559 1.2795 -0.3071, 0.3346 1.2795 -0.3071, -0.1378 1.2795 -0.248, -0.1378 1.2795 -0.3071, -0.1969 1.2795 -0.4449, -0.0591 1.2795 -0.3071, -0.0591 1.2795 -0.248, -0.1969 1.2795 0.4961, -0.3937 1.2795 -0.4449, -0.3346 1.2795 -0.3071, -0.2559 1.2795 -0.3071, -0.2559 1.2795 -0.248, -0.3346 1.2795 -0.248, -0.3937 1.2795 0.4039, -0.2506 1.2795 0.4866, -0.2335 1.2795 0.4936, -0.2151 1.2795 0.4961, -0.5906 1.2795 -0.4449, -0.5315 1.2795 -0.3071, -0.4528 1.2795 -0.3071, -0.4528 1.2795 -0.248, -0.5315 1.2795 -0.248, -0.5906 1.2795 0.2903, -0.7283 1.2795 -0.248, -0.7283 1.2795 -0.3071, -0.7972 1.2795 -0.4449, -0.6496 1.2795 -0.3071, -0.6496 1.2795 -0.248, -0.7972 1.2795 0.1709, -0.8661 1.2795 0.5039, -0.8661 1.2795 0.1312, -1.0236 1.2795 -0.248, -1.0236 1.2795 -0.3071, -0.8661 1.2795 -0.3071, -0.8661 1.2795 -0.248, -1.6324 1.2795 0.2131, -1.6417 1.2795 0.1299, -1.3386 1.2795 -0.248, -1.3386 1.2795 -0.3071, -1.1811 1.2795 -0.3071, -1.6047 1.2795 0.2922, -1.5601 1.2795 0.3631, -1.5009 1.2795 0.4223, -1.43 1.2795 0.4669, -1.3509 1.2795 0.4946, -1.1024 1.2795 -0.5827, -0.7972 1.2795 -0.5827, -0.5906 1.2795 -0.5827, -0.3937 1.2795 -0.5827, -0.1969 1.2795 -0.5827, 0.0 1.2795 -0.5827, 0.3937 1.2795 -0.5827, 0.5906 1.2795 -0.5827, 0.7972 1.2795 -0.5827, 1.1024 1.2795 -0.5827, 1.4902 1.2795 -0.5827, 1.6417 1.2795 -0.5827, 1.6417 0.4528 0.1299, 1.6417 0.4528 -0.1299, 1.6417 1.0433 -0.1299, 1.6417 1.0433 -0.5827, 1.6324 0.4528 0.2131, 1.6047 0.4528 0.2922, 1.5601 0.4528 0.3631, 1.5009 0.4528 0.4223, 1.43 0.4528 0.4669, 1.3509 0.4528 0.4946, 1.2677 0.4528 0.5039, 0.8661 1.0039 0.5039, -1.2677 0.4528 0.5039, -0.8661 1.0039 0.5039, -1.3509 0.4528 0.4946, -1.43 0.4528 0.4669, -1.5009 0.4528 0.4223, -1.5601 0.4528 0.3631, -1.6047 0.4528 0.2922, -1.6324 0.4528 0.2131, -1.6417 0.4528 0.1299, -1.6417 0.4528 -0.1299, -1.6417 1.0433 -0.1299, -1.6417 1.0433 -0.5827, -1.6324 1.0433 -0.2131, -1.6324 0.4528 -0.2131, -1.6047 1.0433 -0.2922, -1.6047 0.4528 -0.2922, -1.5601 1.0433 -0.3631, -1.5601 0.4528 -0.3631, -1.5009 1.0433 -0.4223, -1.5009 0.4528 -0.4223, -1.43 1.0433 -0.4669, -1.43 0.4528 -0.4669, -1.3509 1.0433 -0.4946, -1.3509 0.4528 -0.4946, -1.2677 1.0433 -0.5039, -1.2677 0.4528 -0.5039, 1.2677 1.0433 -0.5039, 1.2677 0.4528 -0.5039, 1.3509 1.0433 -0.4946, 1.3509 0.4528 -0.4946, 1.43 1.0433 -0.4669, 1.43 0.4528 -0.4669, 1.5009 1.0433 -0.4223, 1.5009 0.4528 -0.4223, 1.5601 1.0433 -0.3631, 1.5601 0.4528 -0.3631, 1.6047 1.0433 -0.2922, 1.6047 0.4528 -0.2922, 1.6324 1.0433 -0.2131, 1.6324 0.4528 -0.2131, 0.2506 1.0039 0.4866, 0.2335 1.0039 0.4936, 0.2151 1.0039 0.4961, 0.8661 1.0039 0.1312, -0.8661 1.0039 0.1312, -0.2506 1.0039 0.4866, -0.2151 1.0039 0.4961, -0.2335 1.0039 0.4936, -0.2335 1.0039 0.4936
            ]
        }
        coordIndex [
            0,1,2,-1,2,1,3,-1,4,5,6,-1,6,5,1,-1,6,1,7,-1,7,1,0,-1,8,9,7,-1,7,9,6,-1,8,2,3,-1,10,11,3,-1,3,11,9,-1,3,9,8,-1,12,13,14,-1,14,13,15,-1,14,15,11,-1,11,15,4,-1,11,4,9,-1,9,4,6,-1,3,1,10,-1,10,1,5,-1,10,5,12,-1,12,5,13,-1,10,12,11,-1,11,12,14,-1,4,15,5,-1,5,15,13,-1,16,17,2,-1,2,17,18,-1,2,18,0,-1,0,18,19,-1,8,20,21,-1,2,8,22,-1,22,23,2,-1,2,23,24,-1,2,24,25,-1,25,26,2,-1,2,26,27,-1,2,27,16,-1,28,29,0,-1,19,30,0,-1,0,30,31,-1,0,31,32,-1,33,8,34,-1,34,8,7,-1,33,35,8,-1,8,35,36,-1,8,36,20,-1,0,29,7,-1,7,29,37,-1,7,37,38,-1,21,39,8,-1,8,39,40,-1,8,40,22,-1,41,42,7,-1,7,42,43,-1,7,43,34,-1,38,44,7,-1,7,44,45,-1,7,45,41,-1,32,46,0,-1,0,46,47,-1,0,47,28,-1,48,49,50,-1,51,52,53,-1,54,55,56,-1,57,54,58,-1,58,59,57,-1,57,59,60,-1,57,60,61,-1,56,62,63,-1,62,56,64,-1,64,56,65,-1,64,65,66,-1,54,56,58,-1,58,56,63,-1,58,63,67,-1,67,63,66,-1,67,66,68,-1,69,70,71,-1,71,70,72,-1,71,72,73,-1,73,72,74,-1,75,76,65,-1,65,76,77,-1,77,72,65,-1,65,72,70,-1,65,70,66,-1,66,70,78,-1,66,78,68,-1,79,80,81,-1,81,80,73,-1,81,73,75,-1,75,73,74,-1,75,74,76,-1,82,83,75,-1,75,83,84,-1,75,84,81,-1,82,85,86,-1,87,88,86,-1,86,88,80,-1,86,80,82,-1,82,80,79,-1,82,79,83,-1,85,82,89,-1,89,82,90,-1,89,90,87,-1,91,92,93,-1,93,94,91,-1,91,94,95,-1,91,95,96,-1,97,90,98,-1,98,90,99,-1,98,99,92,-1,87,90,88,-1,88,90,100,-1,88,100,101,-1,96,88,91,-1,91,88,101,-1,91,101,97,-1,97,101,102,-1,97,102,90,-1,90,102,103,-1,90,103,100,-1,104,105,106,-1,106,105,99,-1,99,105,107,-1,99,107,108,-1,92,99,93,-1,93,99,108,-1,93,108,109,-1,110,111,106,-1,106,111,112,-1,108,104,109,-1,109,104,106,-1,109,106,113,-1,113,106,112,-1,114,115,113,-1,113,115,116,-1,116,117,113,-1,113,117,118,-1,113,118,109,-1,119,120,110,-1,110,120,121,-1,110,121,122,-1,123,124,122,-1,122,124,115,-1,122,115,110,-1,110,115,114,-1,110,114,111,-1,125,126,127,-1,127,126,119,-1,119,126,128,-1,119,128,129,-1,125,130,129,-1,129,130,124,-1,129,124,119,-1,119,124,123,-1,119,123,120,-1,52,131,132,-1,133,134,50,-1,50,134,127,-1,127,134,135,-1,127,135,136,-1,125,127,130,-1,130,127,136,-1,130,136,132,-1,132,136,133,-1,132,133,52,-1,52,133,50,-1,52,50,53,-1,137,53,138,-1,138,53,139,-1,138,139,49,-1,49,139,140,-1,49,140,50,-1,50,140,141,-1,50,141,53,-1,137,142,53,-1,53,142,143,-1,53,143,144,-1,144,145,53,-1,53,145,146,-1,53,146,51,-1,48,50,147,-1,147,50,127,-1,147,127,148,-1,148,127,119,-1,148,119,149,-1,149,119,110,-1,149,110,150,-1,150,110,106,-1,150,106,151,-1,151,106,99,-1,151,99,152,-1,152,99,90,-1,152,90,153,-1,153,90,82,-1,153,82,154,-1,154,82,75,-1,154,75,155,-1,155,75,65,-1,155,65,156,-1,156,65,56,-1,156,56,157,-1,157,56,55,-1,157,55,158,-1,159,160,54,-1,54,160,161,-1,54,161,55,-1,55,161,162,-1,55,162,158,-1,159,54,57,-1,159,57,163,-1,163,57,61,-1,163,61,164,-1,164,61,60,-1,164,60,165,-1,165,60,59,-1,165,59,166,-1,166,59,58,-1,166,58,167,-1,58,67,167,-1,167,67,68,-1,167,68,168,-1,168,68,78,-1,168,78,169,-1,70,69,170,-1,78,70,169,-1,169,70,170,-1,169,170,171,-1,171,170,172,-1,172,131,171,-1,171,131,52,-1,171,52,51,-1,171,51,146,-1,171,146,173,-1,173,146,145,-1,173,145,174,-1,174,145,144,-1,174,144,175,-1,175,144,143,-1,175,143,176,-1,176,143,142,-1,176,142,177,-1,177,142,137,-1,177,137,178,-1,178,137,138,-1,178,138,179,-1,180,179,181,-1,181,179,138,-1,181,138,182,-1,182,138,49,-1,182,49,48,-1,180,181,183,-1,180,183,184,-1,184,183,185,-1,184,185,186,-1,186,185,187,-1,186,187,188,-1,188,187,189,-1,188,189,190,-1,190,189,191,-1,190,191,192,-1,192,191,193,-1,192,193,194,-1,194,193,195,-1,194,195,196,-1,197,198,195,-1,195,198,196,-1,198,197,199,-1,198,199,200,-1,200,199,201,-1,200,201,202,-1,202,201,203,-1,202,203,204,-1,204,203,205,-1,204,205,206,-1,206,205,207,-1,206,207,208,-1,208,207,209,-1,208,209,210,-1,210,209,161,-1,210,161,160,-1,37,171,173,-1,37,173,38,-1,38,173,174,-1,38,174,44,-1,44,174,175,-1,44,175,45,-1,45,175,176,-1,45,176,41,-1,41,176,177,-1,41,177,42,-1,42,177,178,-1,42,178,43,-1,43,178,179,-1,43,179,34,-1,180,33,179,-1,179,33,34,-1,29,169,37,-1,37,169,171,-1,33,180,184,-1,33,184,35,-1,35,184,186,-1,35,186,36,-1,36,186,188,-1,36,188,20,-1,20,188,190,-1,20,190,21,-1,21,190,192,-1,21,192,39,-1,39,192,194,-1,39,194,40,-1,40,194,196,-1,40,196,22,-1,19,159,163,-1,19,163,30,-1,30,163,164,-1,30,164,31,-1,31,164,165,-1,31,165,32,-1,32,165,166,-1,32,166,46,-1,46,166,167,-1,46,167,47,-1,47,167,168,-1,47,168,28,-1,28,168,169,-1,28,169,29,-1,198,23,196,-1,196,23,22,-1,18,160,19,-1,19,160,159,-1,23,198,200,-1,23,200,24,-1,24,200,202,-1,24,202,25,-1,25,202,204,-1,25,204,26,-1,26,204,206,-1,26,206,27,-1,27,206,208,-1,27,208,16,-1,16,208,210,-1,16,210,17,-1,17,210,160,-1,17,160,18,-1,211,96,95,-1,211,95,212,-1,212,95,94,-1,212,94,213,-1,71,73,214,-1,214,73,80,-1,214,80,211,-1,211,80,88,-1,211,88,96,-1,69,71,170,-1,170,71,214,-1,132,131,215,-1,215,131,172,-1,130,132,215,-1,130,215,124,-1,124,215,115,-1,115,215,216,-1,115,216,116,-1,217,118,117,-1,217,117,218,-1,218,117,116,-1,218,116,216,-1,109,118,217,-1,213,94,217,-1,217,94,93,-1,217,93,109,-1,215,172,216,-1,216,172,218,-1,170,214,211,-1,211,212,170,-1,170,212,213,-1,170,213,172,-1,172,213,217,-1,172,217,218,-1,
        ]
    }
}
Shape{
    appearance Appearance {
        material  Material 	{
            diffuseColor 0.8274509803921568 0.6666666666666666 0.12941176470588237
            specularColor 0.8274509803921568 0.6666666666666666 0.12941176470588237
            ambientIntensity 0.2
            transparency 0
            shininess 0.5
        }
    }
    geometry IndexedFaceSet {
        ccw TRUE
        solid FALSE
        coord DEF co Coordinate {
            point [
                0.1378 1.5551 -0.248, 0.0591 1.5551 -0.248, 0.1378 1.2795 -0.248, 0.0591 1.2795 -0.248, 0.0591 1.2795 -0.3071, 0.0591 1.5551 -0.3071, 0.1378 1.2795 -0.3071, 0.1378 1.5551 -0.3071, 0.3346 1.5551 -0.248, 0.2559 1.5551 -0.248, 0.3346 1.2795 -0.248, 0.2559 1.2795 -0.248, 0.2559 1.2795 -0.3071, 0.2559 1.5551 -0.3071, 0.3346 1.2795 -0.3071, 0.3346 1.5551 -0.3071, 0.5315 1.5551 -0.248, 0.4528 1.5551 -0.248, 0.5315 1.2795 -0.248, 0.4528 1.2795 -0.248, 0.4528 1.2795 -0.3071, 0.4528 1.5551 -0.3071, 0.5315 1.2795 -0.3071, 0.5315 1.5551 -0.3071, 0.7283 1.5551 -0.248, 0.6496 1.5551 -0.248, 0.7283 1.2795 -0.248, 0.6496 1.2795 -0.248, 0.6496 1.2795 -0.3071, 0.6496 1.5551 -0.3071, 0.7283 1.2795 -0.3071, 0.7283 1.5551 -0.3071, 1.0236 1.5551 -0.248, 0.8661 1.5551 -0.248, 1.0236 1.2795 -0.248, 0.8661 1.2795 -0.248, 0.8661 1.2795 -0.3071, 0.8661 1.5551 -0.3071, 1.0236 1.2795 -0.3071, 1.0236 1.5551 -0.3071, 1.3386 1.5551 -0.248, 1.1811 1.5551 -0.248, 1.3386 1.2795 -0.248, 1.1811 1.2795 -0.248, 1.1811 1.2795 -0.3071, 1.1811 1.5551 -0.3071, 1.3386 1.2795 -0.3071, 1.3386 1.5551 -0.3071, -0.0591 1.2795 -0.248, -0.0591 1.5551 -0.248, -0.1378 1.2795 -0.248, -0.1378 1.5551 -0.248, -0.1378 1.5551 -0.3071, -0.0591 1.5551 -0.3071, -0.1378 1.2795 -0.3071, -0.0591 1.2795 -0.3071, -0.2559 1.2795 -0.248, -0.2559 1.5551 -0.248, -0.3346 1.2795 -0.248, -0.3346 1.5551 -0.248, -0.3346 1.5551 -0.3071, -0.2559 1.5551 -0.3071, -0.3346 1.2795 -0.3071, -0.2559 1.2795 -0.3071, -0.4528 1.2795 -0.248, -0.4528 1.5551 -0.248, -0.5315 1.2795 -0.248, -0.5315 1.5551 -0.248, -0.5315 1.5551 -0.3071, -0.4528 1.5551 -0.3071, -0.5315 1.2795 -0.3071, -0.4528 1.2795 -0.3071, -0.6496 1.2795 -0.248, -0.6496 1.5551 -0.248, -0.7283 1.2795 -0.248, -0.7283 1.5551 -0.248, -0.7283 1.5551 -0.3071, -0.6496 1.5551 -0.3071, -0.7283 1.2795 -0.3071, -0.6496 1.2795 -0.3071, -0.8661 1.2795 -0.248, -0.8661 1.5551 -0.248, -1.0236 1.2795 -0.248, -1.0236 1.5551 -0.248, -1.0236 1.5551 -0.3071, -0.8661 1.5551 -0.3071, -1.0236 1.2795 -0.3071, -0.8661 1.2795 -0.3071, -1.1811 1.2795 -0.248, -1.1811 1.5551 -0.248, -1.3386 1.2795 -0.248, -1.3386 1.5551 -0.248, -1.3386 1.5551 -0.3071, -1.1811 1.5551 -0.3071, -1.3386 1.2795 -0.3071, -1.1811 1.2795 -0.3071, -1.1811 1.2795 -0.3071
            ]
        }
        coordIndex [
            0,1,2,-1,2,1,3,-1,4,5,6,-1,6,5,7,-1,0,7,1,-1,1,7,5,-1,6,7,2,-1,2,7,0,-1,1,5,3,-1,3,5,4,-1,8,9,10,-1,10,9,11,-1,12,13,14,-1,14,13,15,-1,8,15,9,-1,9,15,13,-1,14,15,10,-1,10,15,8,-1,9,13,11,-1,11,13,12,-1,16,17,18,-1,18,17,19,-1,20,21,22,-1,22,21,23,-1,16,23,17,-1,17,23,21,-1,22,23,18,-1,18,23,16,-1,17,21,19,-1,19,21,20,-1,24,25,26,-1,26,25,27,-1,28,29,30,-1,30,29,31,-1,24,31,25,-1,25,31,29,-1,30,31,26,-1,26,31,24,-1,25,29,27,-1,27,29,28,-1,32,33,34,-1,34,33,35,-1,36,37,38,-1,38,37,39,-1,32,39,33,-1,33,39,37,-1,38,39,34,-1,34,39,32,-1,33,37,35,-1,35,37,36,-1,40,41,42,-1,42,41,43,-1,44,45,46,-1,46,45,47,-1,40,47,41,-1,41,47,45,-1,46,47,42,-1,42,47,40,-1,41,45,43,-1,43,45,44,-1,48,49,50,-1,50,49,51,-1,52,51,53,-1,53,51,49,-1,52,53,54,-1,54,53,55,-1,50,51,54,-1,54,51,52,-1,53,49,55,-1,55,49,48,-1,56,57,58,-1,58,57,59,-1,60,59,61,-1,61,59,57,-1,60,61,62,-1,62,61,63,-1,58,59,62,-1,62,59,60,-1,61,57,63,-1,63,57,56,-1,64,65,66,-1,66,65,67,-1,68,67,69,-1,69,67,65,-1,68,69,70,-1,70,69,71,-1,66,67,70,-1,70,67,68,-1,69,65,71,-1,71,65,64,-1,72,73,74,-1,74,73,75,-1,76,75,77,-1,77,75,73,-1,76,77,78,-1,78,77,79,-1,74,75,78,-1,78,75,76,-1,77,73,79,-1,79,73,72,-1,80,81,82,-1,82,81,83,-1,84,83,85,-1,85,83,81,-1,84,85,86,-1,86,85,87,-1,82,83,86,-1,86,83,84,-1,85,81,87,-1,87,81,80,-1,88,89,90,-1,90,89,91,-1,92,91,93,-1,93,91,89,-1,92,93,94,-1,94,93,95,-1,90,91,94,-1,94,91,92,-1,93,89,95,-1,95,89,88,-1,
        ]
    }
}
Shape{
    appearance Appearance {
        material  Material 	{
            diffuseColor 0.20784313725490197 0.20784313725490197 0.20784313725490197
            specularColor 0.01568627450980392 0.01568627450980392 0.01568627450980392
            ambientIntensity 0.2
            transparency 0
            shininess 0.5
        }
    }
    geometry IndexedFaceSet {
        ccw TRUE
        solid FALSE
        coord DEF co Coordinate {
            point [
                -1.6417 1.0433 -0.5827, -1.6417 1.2795 -0.5827, -1.1024 1.2795 -0.5827, -0.7972 1.2795 -0.5827, -0.5906 1.2795 -0.5827, -0.3937 1.2795 -0.5827, -0.1969 1.2795 -0.5827, 0.0 1.2795 -0.5827, 1.6417 1.0433 -0.5827, 0.3937 1.2795 -0.5827, 0.5906 1.2795 -0.5827, 0.7972 1.2795 -0.5827, 1.1024 1.2795 -0.5827, 1.4902 1.2795 -0.5827, 1.6417 1.2795 -0.5827, -1.6417 1.0433 -0.1299, -1.6324 1.0433 -0.2131, -1.6047 1.0433 -0.2922, 1.6047 1.0433 -0.2922, 1.6324 1.0433 -0.2131, 1.6417 1.0433 -0.1299, -1.3509 1.0433 -0.4946, -1.43 1.0433 -0.4669, -1.5009 1.0433 -0.4223, -1.5601 1.0433 -0.3631, 1.5601 1.0433 -0.3631, 1.5009 1.0433 -0.4223, 1.43 1.0433 -0.4669, 1.3509 1.0433 -0.4946, 1.2677 1.0433 -0.5039, -1.2677 1.0433 -0.5039, -1.2677 1.0433 -0.5039
            ]
        }
        coordIndex [
            0,1,2,-1,2,3,0,-1,0,3,4,-1,0,4,5,-1,5,6,0,-1,0,6,7,-1,0,7,8,-1,7,9,8,-1,8,9,10,-1,8,10,11,-1,11,12,8,-1,8,12,13,-1,8,13,14,-1,15,0,16,-1,16,0,17,-1,18,8,19,-1,19,8,20,-1,21,22,0,-1,22,23,0,-1,0,23,24,-1,0,24,17,-1,18,25,8,-1,8,25,26,-1,8,26,27,-1,27,28,8,-1,8,28,29,-1,8,29,0,-1,0,29,30,-1,0,30,21,-1,
        ]
    }
}
Shape{
    appearance Appearance {
        material  Material 	{
            diffuseColor 0.6666666666666666 0.6666666666666666 0.6666666666666666
            specularColor 0.4666666666666667 0.4666666666666667 0.4666666666666667
            ambientIntensity 0.2
            transparency 0
            shininess 0.5
        }
    }
    geometry IndexedFaceSet {
        ccw TRUE
        solid FALSE
        coord DEF co Coordinate {
            point [
                0.2337 0.4163 0.622, 0.259 0.4163 0.622, 0.259 0.4391 0.622, 0.1822 0.3203 0.622, 0.1841 0.3224 0.622, 0.1841 0.3356 0.622, 0.1476 0.3357 0.622, 0.1464 0.3356 0.622, 0.1654 0.3356 0.622, -0.1595 0.9296 0.622, -0.1626 0.9222 0.622, -0.0208 0.9222 0.622, 0.872 0.9296 0.622, 0.8689 0.9222 0.622, 1.2677 0.9222 0.622, 0.1654 0.9154 0.622, 0.1626 0.9222 0.622, 0.1288 0.9222 0.622, 0.3219 0.4633 0.622, 0.3137 0.4852 0.622, 0.2843 0.4852 0.622, -0.8302 0.8878 0.622, -0.8423 0.8928 0.622, -0.8423 0.544 0.622, -0.1536 0.544 0.622, -0.1407 0.5353 0.622, -0.0208 0.544 0.622, -0.1217 0.5132 0.622, -0.0582 0.4391 0.622, -0.0208 0.4391 0.622, -0.0632 0.4517 0.622, -0.0748 0.4679 0.622, -0.0903 0.4809 0.622, -0.11 0.4903 0.622, -0.1072 0.4893 0.622, -0.1654 0.9154 0.622, -0.1748 0.9031 0.622, -0.187 0.8937 0.622, -0.2013 0.8878 0.622, -0.1641 0.5513 0.622, -0.815 0.8858 0.622, -0.2715 0.5518 0.622, -0.2451 0.5617 0.622, -0.2165 0.8858 0.622, -0.2181 0.5649 0.622, -0.1925 0.5619 0.622, -0.2842 0.544 0.622, -0.2865 0.5427 0.622, -0.4038 0.4739 0.622, -0.3901 0.4914 0.622, -0.347 0.516 0.622, -0.3246 0.5187 0.622, -0.2998 0.5312 0.622, -0.3181 0.5184 0.622, -0.3115 0.5176 0.622, -0.3862 0.4951 0.622, -0.3681 0.5078 0.622, -0.3751 0.3493 0.622, -0.3929 0.3645 0.622, -0.8423 0.3356 0.622, -0.3546 0.3393 0.622, -0.4059 0.383 0.622, -0.4141 0.4042 0.622, -0.8423 0.4391 0.622, -0.4168 0.4265 0.622, -0.4167 0.432 0.622, -0.4154 0.4391 0.622, -0.4128 0.4534 0.622, -0.3474 0.3371 0.622, -0.3467 0.3356 0.622, -0.3417 0.3249 0.622, -0.3332 0.3145 0.622, -0.0208 -1.2795 0.622, -0.0208 0.3039 0.622, -0.2697 0.3039 0.622, -0.2795 0.3001 0.622, -0.2933 0.2984 0.622, -0.8423 -1.2795 0.622, -0.2955 0.2985 0.622, -0.3089 0.3006 0.622, -0.8423 0.3039 0.622, -0.3168 0.3039 0.622, -0.3221 0.3061 0.622, -0.0208 0.3356 0.622, -0.24 0.3356 0.622, -0.24 0.3354 0.622, -0.2468 0.3227 0.622, -0.2555 0.3129 0.622, -0.2668 0.305 0.622, -0.1673 0.3692 0.622, -0.1634 0.3707 0.622, -0.1567 0.4032 0.622, -0.0747 0.3616 0.622, -0.0902 0.3485 0.622, -0.2506 0.3935 0.622, -0.1743 0.4333 0.622, -0.2606 0.4026 0.622, -0.2726 0.409 0.622, -0.1708 0.3667 0.622, -0.0634 0.3774 0.622, -0.0892 0.4201 0.622, -0.0919 0.4311 0.622, -0.0962 0.4391 0.622, -0.3795 0.4391 0.622, -0.0562 0.4343 0.622, -0.0536 0.4157 0.622, -0.0562 0.3954 0.622, -0.1589 0.3713 0.622, -0.1584 0.3713 0.622, -0.1567 0.3709 0.622, -0.3762 0.4049 0.622, -0.3694 0.3934 0.622, -0.3405 0.3875 0.622, -0.3592 0.3829 0.622, -0.3468 0.3753 0.622, -0.3195 0.4064 0.622, -0.3311 0.3983 0.622, -0.381 0.4277 0.622, -0.3803 0.4189 0.622, -0.3069 0.4112 0.622, -0.2933 0.4129 0.622, -0.2864 0.4124 0.622, -0.1766 0.3536 0.622, -0.1764 0.3559 0.622, -0.2364 0.3611 0.622, -0.1753 0.3602 0.622, -0.1731 0.3641 0.622, -0.1005 0.385 0.622, -0.0942 0.3939 0.622, -0.0903 0.404 0.622, -0.0889 0.4151 0.622, -0.1633 0.3365 0.622, -0.1671 0.338 0.622, -0.1707 0.3406 0.622, -0.1721 0.342 0.622, -0.1746 0.3455 0.622, -0.1761 0.3494 0.622, -0.2367 0.3494 0.622, -0.2364 0.3554 0.622, -0.1075 0.34 0.622, -0.1265 0.336 0.622, -0.1601 0.336 0.622, -0.1555 0.3707 0.622, -0.1299 0.3707 0.622, -0.1197 0.3727 0.622, -0.1096 0.3773 0.622, -0.1012 0.3842 0.622, -0.1502 0.4938 0.622, -0.163 0.5091 0.622, -0.2939 0.476 0.622, -0.1644 0.5104 0.622, -0.1804 0.5215 0.622, -0.2852 0.4941 0.622, -0.2979 0.4783 0.622, -0.3107 0.4829 0.622, -0.0972 0.4409 0.622, -0.1037 0.4482 0.622, -0.1333 0.4595 0.622, -0.1126 0.4544 0.622, -0.1225 0.4582 0.622, -0.1379 0.4595 0.622, -0.1414 0.4754 0.622, -0.344 0.4809 0.622, -0.3567 0.4742 0.622, -0.33 0.4843 0.622, -0.3665 0.4655 0.622, -0.3744 0.4541 0.622, -0.2724 0.5093 0.622, -0.1983 0.5283 0.622, -0.2571 0.5205 0.622, -0.2176 0.5307 0.622, -0.2385 0.528 0.622, -0.324 0.4846 0.622, -0.3793 0.4414 0.622, 0.3333 0.4633 0.622, 0.2843 0.4391 0.622, 1.2677 0.4391 0.622, 1.2677 0.544 0.622, 0.3028 0.5434 0.622, 0.2843 0.544 0.622, 0.2917 0.5434 0.622, 0.2843 0.5239 0.622, 0.2727 0.4633 0.622, 0.2612 0.4633 0.622, 0.2804 0.4852 0.622, 0.1765 0.4724 0.622, 0.1765 0.4633 0.622, 0.1841 0.4391 0.622, 0.1654 0.544 0.622, 0.1654 0.5434 0.622, 0.1747 0.5434 0.622, 0.1841 0.544 0.622, 0.1747 0.5342 0.622, 0.1438 0.4994 0.622, 0.1438 0.4724 0.622, 0.1654 0.4994 0.622, 0.1654 0.4724 0.622, 0.1724 0.4994 0.622, 0.1724 0.5085 0.622, 0.1438 0.5342 0.622, 0.1438 0.5085 0.622, 0.1654 0.5342 0.622, 0.1654 0.5085 0.622, 0.1654 0.4391 0.622, 0.1654 0.4633 0.622, 0.1288 0.4391 0.622, 0.1334 0.5434 0.622, 0.1288 0.544 0.622, 0.1334 0.4633 0.622, 0.1174 0.5414 0.622, 0.1089 0.5439 0.622, 0.107 0.544 0.622, 0.1174 0.5306 0.622, 0.1165 0.5311 0.622, 0.0684 0.4992 0.622, 0.0697 0.4913 0.622, 0.0967 0.4712 0.622, 0.1019 0.4714 0.622, 0.1107 0.4734 0.622, 0.1174 0.4765 0.622, 0.1174 0.4666 0.622, 0.116 0.4659 0.622, 0.0761 0.5259 0.622, 0.0723 0.5203 0.622, 0.0723 0.4848 0.622, 0.0762 0.4796 0.622, 0.0782 0.4776 0.622, 0.0836 0.474 0.622, 0.0894 0.472 0.622, 0.0985 0.5354 0.622, 0.0951 0.5352 0.622, 0.0767 0.5265 0.622, 0.0882 0.5338 0.622, 0.0819 0.5308 0.622, 0.0696 0.5134 0.622, 0.0683 0.5024 0.622, 0.1074 0.4631 0.622, 0.0952 0.462 0.622, 0.061 0.4391 0.622, 0.0892 0.4623 0.622, 0.0807 0.4643 0.622, 0.0733 0.4681 0.622, 0.0677 0.4729 0.622, 0.067 0.4736 0.622, 0.1084 0.5342 0.622, 0.061 0.544 0.622, 0.0632 0.5254 0.622, 0.069 0.5329 0.622, 0.0708 0.5346 0.622, 0.0785 0.5401 0.622, 0.0869 0.5433 0.622, 0.0623 0.4805 0.622, 0.061 0.4837 0.622, 0.0562 0.4391 0.622, 0.0562 0.544 0.622, 0.0594 0.5165 0.622, 0.061 0.5203 0.622, 0.059 0.4889 0.622, 0.0575 0.5018 0.622, 0.0576 0.506 0.622, 0.2151 1.0236 0.622, 0.2151 1.2795 0.622, 0.2001 1.0213 0.622, 0.1841 1.2795 0.622, 0.1862 1.0152 0.622, 0.1841 1.0135 0.622, 0.1743 1.0058 0.622, 0.1654 1.2795 0.622, 0.1654 0.994 0.622, 0.1595 0.9296 0.622, 0.1575 0.9449 0.622, 0.1575 0.9646 0.622, 0.1652 0.9937 0.622, 0.1288 1.2795 0.622, 0.1594 0.9796 0.622, 0.1841 0.896 0.622, 0.1748 0.9031 0.622, 0.0928 0.544 0.622, 0.0984 0.5447 0.622, 0.061 0.9222 0.622, 0.1654 0.9154 0.622, 0.2165 0.8858 0.622, 0.2013 0.8878 0.622, 0.187 0.8937 0.622, 0.2283 0.8858 0.622, 0.2283 0.544 0.622, 0.259 0.8858 0.622, 0.8661 0.9154 0.622, 0.8567 0.9031 0.622, 0.8445 0.8937 0.622, 0.259 0.544 0.622, 0.2843 0.8858 0.622, 0.815 0.8858 0.622, 0.8302 0.8878 0.622, 1.2677 1.2795 0.622, 0.874 1.2795 0.622, 0.874 0.9449 0.622, -0.874 1.2795 0.622, -1.2677 1.2795 0.622, -0.874 0.9449 0.622, -1.2677 0.9222 0.622, -0.872 0.9296 0.622, -0.8445 0.8937 0.622, -1.2677 0.544 0.622, -0.8567 0.9031 0.622, -0.8661 0.9154 0.622, -0.8689 0.9222 0.622, -0.0208 1.2795 0.622, -0.2151 1.2795 0.622, -0.2151 1.0236 0.622, -0.2001 1.0213 0.622, -0.1862 1.0152 0.622, -0.1743 1.0058 0.622, -0.1652 0.9937 0.622, -0.1594 0.9796 0.622, -0.1575 0.9646 0.622, -0.1575 0.9449 0.622, 0.2566 0.4992 0.622, 0.2546 0.4899 0.622, 0.2507 0.4816 0.622, 0.2447 0.4745 0.622, 0.2283 0.5414 0.622, 0.2363 0.5385 0.622, 0.2525 0.523 0.622, 0.2555 0.5153 0.622, 0.2568 0.5044 0.622, 0.2447 0.5328 0.622, 0.2476 0.53 0.622, 0.2363 0.4685 0.622, 0.2283 0.4654 0.622, 0.2283 0.4391 0.622, 0.2272 0.4649 0.622, 0.2136 0.4633 0.622, 0.1916 0.4633 0.622, 0.1916 0.5434 0.622, 0.2145 0.5434 0.622, 0.2267 0.542 0.622, 0.0667 0.3607 0.622, 0.0687 0.3635 0.622, 0.0702 0.3797 0.622, 0.092 0.337 0.622, 0.0882 0.3356 0.622, 0.1005 0.3363 0.622, 0.0955 0.3393 0.622, 0.0729 0.3371 0.622, 0.061 0.3356 0.622, 0.0767 0.3356 0.622, 0.0769 0.3356 0.622, 0.0663 0.3436 0.622, 0.0651 0.347 0.622, 0.0646 0.3516 0.622, 0.1001 0.393 0.622, 0.1258 0.3848 0.622, 0.1277 0.3876 0.622, 0.0718 0.3662 0.622, 0.076 0.3684 0.622, 0.0764 0.3837 0.622, 0.0836 0.3703 0.622, 0.0923 0.3863 0.622, 0.089 0.3866 0.622, 0.0827 0.3859 0.622, 0.0695 0.3394 0.622, 0.0684 0.3406 0.622, 0.1005 0.3451 0.622, 0.1003 0.3451 0.622, 0.0987 0.3427 0.622, 0.0646 0.3528 0.622, 0.0653 0.3571 0.622, 0.0798 0.3936 0.622, 0.0899 0.3948 0.622, 0.0959 0.3942 0.622, 0.0702 0.3895 0.622, 0.0723 0.3907 0.622, 0.1034 0.3911 0.622, 0.1061 0.3885 0.622, 0.1246 0.3816 0.622, 0.1082 0.3853 0.622, 0.1098 0.3808 0.622, 0.1005 0.3726 0.622, 0.1002 0.3771 0.622, 0.0991 0.3806 0.622, 0.098 0.3827 0.622, 0.1287 0.3673 0.622, 0.1242 0.3486 0.622, 0.1288 0.3672 0.622, 0.1279 0.3463 0.622, 0.1288 0.346 0.622, 0.1271 0.369 0.622, 0.1258 0.3711 0.622, 0.1106 0.3731 0.622, 0.1246 0.3741 0.622, 0.1242 0.378 0.622, 0.0965 0.3843 0.622, 0.0947 0.3855 0.622, 0.0827 0.3349 0.622, 0.061 0.3039 0.622, 0.0879 0.3355 0.622, 0.1288 0.3039 0.622, 0.1242 0.3383 0.622, 0.1106 0.3363 0.622, 0.1288 0.3366 0.622, 0.1288 0.3356 0.622, 0.1306 0.336 0.622, 0.1337 0.3356 0.622, 0.1397 0.3349 0.622, 0.16 0.3922 0.622, 0.16 0.3825 0.622, 0.1306 0.3902 0.622, 0.1336 0.392 0.622, 0.1623 0.3478 0.622, 0.1611 0.3446 0.622, 0.1592 0.342 0.622, 0.1288 0.3886 0.622, 0.1392 0.394 0.622, 0.1465 0.3948 0.622, 0.1532 0.3942 0.622, 0.1594 0.3613 0.622, 0.1613 0.3585 0.622, 0.1624 0.3556 0.622, 0.1628 0.3518 0.622, 0.1563 0.3395 0.622, 0.1531 0.3376 0.622, 0.1455 0.3866 0.622, 0.1425 0.3864 0.622, 0.1346 0.3789 0.622, 0.1399 0.3857 0.622, 0.1376 0.3845 0.622, 0.1346 0.3776 0.622, 0.135 0.376 0.622, 0.1358 0.3747 0.622, 0.1367 0.3736 0.622, 0.1403 0.3714 0.622, 0.1522 0.3858 0.622, 0.1465 0.3687 0.622, 0.1579 0.3837 0.622, 0.1504 0.3671 0.622, 0.157 0.3634 0.622, 0.1361 0.3832 0.622, 0.1352 0.3819 0.622, 0.1347 0.3805 0.622, 0.1342 0.3439 0.622, 0.1394 0.3614 0.622, 0.1334 0.3642 0.622, 0.1407 0.3431 0.622, 0.1411 0.3431 0.622, 0.146 0.3587 0.622, 0.1462 0.3437 0.622, 0.1525 0.3509 0.622, 0.1524 0.3521 0.622, 0.1488 0.3446 0.622, 0.1497 0.3452 0.622, 0.1509 0.3462 0.622, 0.1518 0.3475 0.622, 0.1523 0.3489 0.622, 0.1519 0.3537 0.622, 0.1512 0.355 0.622, 0.1499 0.3563 0.622, 0.2125 0.3935 0.622, 0.2229 0.3935 0.622, 0.2283 0.3356 0.622, 0.1942 0.3505 0.622, 0.1954 0.3458 0.622, 0.1956 0.3458 0.622, 0.1841 0.3795 0.622, 0.1969 0.3504 0.622, 0.1961 0.3477 0.622, 0.1841 0.3526 0.622, 0.168 0.3935 0.622, 0.1792 0.3935 0.622, 0.1904 0.3364 0.622, 0.1901 0.3356 0.622, 0.186 0.326 0.622, 0.1654 0.3039 0.622, 0.1701 0.3102 0.622, 0.1701 0.3191 0.622, 0.1721 0.3184 0.622, 0.1758 0.3179 0.622, 0.1841 0.3111 0.622, 0.1806 0.3098 0.622, 0.1841 0.3039 0.622, 0.1765 0.3093 0.622, 0.1743 0.3094 0.622, 0.1782 0.3182 0.622, 0.1804 0.3191 0.622, 0.1969 0.3276 0.622, 0.1924 0.3188 0.622, 0.2283 0.3039 0.622, 0.2001 0.3356 0.622, 0.1887 0.3144 0.622, 0.188 0.3138 0.622, 0.1845 0.3113 0.622, 0.2749 0.4163 0.622, 0.2749 0.4071 0.622, 0.2768 0.3454 0.622, 0.2843 0.3356 0.622, 0.2768 0.3363 0.622, 0.259 0.3356 0.622, 0.244 0.3723 0.622, 0.244 0.3454 0.622, 0.259 0.3723 0.622, 0.259 0.3454 0.622, 0.2727 0.3723 0.622, 0.2727 0.3815 0.622, 0.259 0.3815 0.622, 0.259 0.4071 0.622, 0.244 0.3815 0.622, 0.244 0.4071 0.622, 0.259 0.3363 0.622, 0.2337 0.3363 0.622, 0.4221 0.3363 0.622, 0.414 0.3582 0.622, 0.3806 0.3582 0.622, 1.2677 0.3356 0.622, 0.4031 0.4163 0.622, 0.3568 0.3722 0.622, 0.3549 0.3629 0.622, 0.3615 0.3363 0.622, 0.3509 0.3546 0.622, 0.345 0.3475 0.622, 0.392 0.4163 0.622, 0.3571 0.3773 0.622, 0.3558 0.3883 0.622, 0.3147 0.4163 0.622, 0.327 0.415 0.622, 0.3366 0.3415 0.622, 0.3274 0.3379 0.622, 0.3139 0.3363 0.622, 0.345 0.4057 0.622, 0.3479 0.403 0.622, 0.3528 0.396 0.622, 0.3366 0.4115 0.622, 0.3729 0.3363 0.622, 0.4336 0.3363 0.622, 0.2919 0.3363 0.622, 0.2919 0.4163 0.622, 1.2677 0.3039 0.622, 0.2843 0.3039 0.622, 0.259 0.3039 0.622, 1.2677 -1.2795 0.622, 0.2843 -1.2795 0.622, 0.259 -1.2795 0.622, 0.2283 -1.2795 0.622, 0.1841 -1.2795 0.622, 0.1654 -1.2795 0.622, 0.1288 -1.2795 0.622, 0.061 -1.2795 0.622, 0.0562 -1.2795 0.622, 0.0562 0.3039 0.622, 0.0562 0.3356 0.622, 0.055 0.3454 0.622, 0.055 0.3363 0.622, 0.012 0.3363 0.622, 0.0532 0.4071 0.622, 0.012 0.4163 0.622, 0.0532 0.4163 0.622, 0.0223 0.3723 0.622, 0.0223 0.3454 0.622, 0.0509 0.3723 0.622, 0.0509 0.3815 0.622, 0.0223 0.3815 0.622, 0.0223 0.4071 0.622, 0.0223 0.5434 0.622, 0.0223 0.4724 0.622, 0.0542 0.4724 0.622, 0.012 0.4633 0.622, 0.012 0.5434 0.622, 0.0542 0.4633 0.622, 0.0562 0.9222 0.622, 0.061 1.2795 0.622, 0.0562 1.2795 0.622, -1.2677 0.4391 0.622, -1.2677 0.3356 0.622, -1.2677 0.3039 0.622, -1.2677 -1.2795 0.622, 1.6414 0.8071 -0.1457, 1.7596 0.8071 -0.1457, 1.629 0.8071 -0.2267, 1.7475 0.8071 -0.2394, 1.5916 0.8071 -0.3169, 1.7111 0.8071 -0.3434, 1.6525 0.8071 -0.4368, 1.5322 0.8071 -0.3944, 1.5746 0.8071 -0.5147, 1.4547 0.8071 -0.4538, 1.4812 0.8071 -0.5733, 1.3645 0.8071 -0.4912, 1.3772 0.8071 -0.6097, 1.2677 0.8071 -0.5039, 1.2677 0.8071 -0.622, 0.9843 0.8071 -0.5039, 0.9843 0.8071 -0.622, 0.1575 0.9646 0.5039, 0.1575 0.9449 0.5039, 0.874 1.2795 0.5039, 1.2677 1.2795 0.5039, 1.3645 1.2795 0.4912, 1.3772 1.2795 0.6097, 1.4547 1.2795 0.4538, 2.2717 1.2795 -0.5039, 2.1535 1.2795 -0.5039, 2.2717 1.2795 -0.3268, 2.1535 1.2795 -0.3268, 2.267 1.2795 -0.2911, 2.153 1.2795 -0.3224, 2.2532 1.2795 -0.2579, 2.1516 1.2795 -0.3182, 2.2313 1.2795 -0.2293, 1.4812 1.2795 0.5733, 1.5746 1.2795 0.5147, 1.5322 1.2795 0.3944, 1.6525 1.2795 0.4368, 1.5916 1.2795 0.3169, 1.7111 1.2795 0.3434, 1.629 1.2795 0.2267, 1.7475 1.2795 0.2394, 1.6417 1.2795 0.1299, 1.7598 1.2795 0.1299, 1.6417 1.2795 -0.1693, 1.7598 1.2795 -0.1693, 1.6464 1.2795 -0.205, 1.7605 1.2795 -0.1744, 1.6602 1.2795 -0.2382, 1.7625 1.2795 -0.1791, 1.6821 1.2795 -0.2667, 1.7656 1.2795 -0.1832, 1.7106 1.2795 -0.2886, 1.7697 1.2795 -0.1863, 1.7439 1.2795 -0.3024, 1.7744 1.2795 -0.1883, 1.7795 1.2795 -0.3071, 1.7795 1.2795 -0.189, 2.1339 1.2795 -0.3071, 2.1339 1.2795 -0.189, 2.1382 1.2795 -0.3076, 2.1695 1.2795 -0.1937, 2.1424 1.2795 -0.309, 2.2028 1.2795 -0.2074, 2.1461 1.2795 -0.3114, 2.1492 1.2795 -0.3145, 1.7596 -0.8465 -0.1457, 1.7598 -0.8449 -0.1299, 1.7598 -1.2795 -0.1299, 1.7475 -0.8465 -0.2394, 1.7475 -1.2795 -0.2394, 1.7111 -1.2795 -0.3434, 1.7111 -0.8465 -0.3434, 1.6525 -1.2795 -0.4368, 1.6525 -0.8465 -0.4368, 1.5746 -1.2795 -0.5147, 1.5746 -0.8465 -0.5147, 1.4812 -1.2795 -0.5733, 1.4812 -0.8465 -0.5733, 1.3772 -1.2795 -0.6097, 1.3772 -0.8465 -0.6097, 1.2677 -1.2795 -0.622, 1.2677 -0.8465 -0.622, 1.2677 -0.8465 -0.5039, 1.2677 -1.2795 -0.5039, 1.3645 -0.8465 -0.4912, 1.3645 -1.2795 -0.4912, 1.4547 -0.8465 -0.4538, 1.4547 -1.2795 -0.4538, 1.5322 -0.8465 -0.3944, 1.5322 -1.2795 -0.3944, 1.5916 -0.8465 -0.3169, 1.5916 -1.2795 -0.3169, 1.629 -0.8465 -0.2267, 1.629 -1.2795 -0.2267, 1.6414 -0.8465 -0.1457, 1.6417 -1.2795 -0.1299, 1.6417 -0.8449 -0.1299, 1.7111 -0.0591 -0.3434, 1.6525 -0.0591 -0.4368, 1.5746 -0.0591 -0.5147, 1.4812 -0.0591 -0.5733, 1.3772 -0.0591 -0.6097, 1.2677 -0.0591 -0.622, 1.7598 0.8087 -0.1299, 1.7598 -0.0606 -0.1299, 1.7596 -0.0591 -0.1457, 1.7475 -0.0591 -0.2394, 0.9331 -0.0696 -0.622, 0.9168 -0.0821 -0.622, 0.9639 0.8098 -0.622, 0.9724 -0.8465 -0.622, -0.9331 -0.8359 -0.622, -0.9521 -0.8438 -0.622, -1.2677 -1.2795 -0.622, -0.9724 -0.8465 -0.622, -1.2677 -0.8465 -0.622, -0.9168 -0.8234 -0.622, -0.9042 -0.8071 -0.622, -0.8964 -0.7881 -0.622, 0.9449 0.8176 -0.622, 0.9055 0.8858 -0.622, 0.9082 0.8654 -0.622, -0.8268 1.0433 -0.622, 0.9161 0.8465 -0.622, 0.9286 0.8301 -0.622, 0.9055 0.9646 -0.622, 0.8268 1.0433 -0.622, 0.9028 0.9849 -0.622, 0.9042 -0.8071 -0.622, 0.9168 -0.8234 -0.622, 0.9331 -0.8359 -0.622, 0.9521 -0.8438 -0.622, 0.9042 -0.0984 -0.622, -0.8964 -0.1174 -0.622, -0.9042 -0.0984 -0.622, -0.9168 -0.0821 -0.622, -0.9331 -0.0696 -0.622, 0.8661 1.0328 -0.622, 0.8824 1.0202 -0.622, 0.895 1.0039 -0.622, -0.9286 0.8301 -0.622, -0.9449 0.8176 -0.622, -0.9521 -0.0617 -0.622, -0.9161 0.8465 -0.622, -0.9082 0.8654 -0.622, -0.9055 0.8858 -0.622, -0.9055 0.9646 -0.622, 0.9724 -0.0591 -0.622, 0.9521 -0.0617 -0.622, 0.8472 1.0406 -0.622, 0.8964 -0.1174 -0.622, 0.8937 -0.1378 -0.622, -0.8937 -0.1378 -0.622, -0.895 1.0039 -0.622, -0.8824 1.0202 -0.622, -0.8661 1.0328 -0.622, -0.9028 0.9849 -0.622, -0.8472 1.0406 -0.622, -1.2677 -0.0591 -0.622, -1.2677 0.8071 -0.622, -0.9724 -0.0591 -0.622, -0.9843 0.8071 -0.622, -0.9639 0.8098 -0.622, -0.8937 -0.7677 -0.622, 0.8937 -0.7677 -0.622, 0.8964 -0.7881 -0.622, 1.3772 -1.2795 0.6097, 1.4812 -1.2795 0.5733, 1.5746 -1.2795 0.5147, 1.6525 -1.2795 0.4368, 1.7111 -1.2795 0.3434, 1.7475 -1.2795 0.2394, 1.7598 -1.2795 0.1299, 1.7598 0.9646 -0.1457, 1.7598 0.9646 -0.1693, 1.7598 -0.2139 -0.1253, 1.7598 -0.206 -0.1063, 1.7598 -0.6995 -0.1063, 1.7598 -0.712 -0.09, 1.7598 -0.8438 -0.1253, 1.7598 -0.8359 -0.1063, 1.7598 0.9062 -0.0696, 1.7598 0.9252 -0.0775, 1.7598 -0.8234 -0.09, 1.7598 -0.8071 -0.0775, 1.7598 -0.7881 -0.0696, 1.7598 -0.1772 -0.0775, 1.7598 -0.1935 -0.09, 1.7598 -0.0984 -0.0775, 1.7598 -0.0821 -0.09, 1.7598 0.9415 -0.09, 1.7598 0.954 -0.1063, 1.7598 0.9619 -0.1253, 1.7598 -0.689 -0.1457, 1.7598 -0.689 -0.1693, 1.7598 -0.2165 -0.1693, 1.7598 -0.7677 -0.0669, 1.7598 -0.7473 -0.0696, 1.7598 -0.7283 -0.0775, 1.7598 -0.6917 -0.1253, 1.7598 -0.2165 -0.1457, 1.7598 0.8176 -0.1063, 1.7598 0.8301 -0.09, 1.7598 -0.1582 -0.0696, 1.7598 -0.1378 -0.0669, 1.7598 -0.1174 -0.0696, 1.7598 -0.0617 -0.1253, 1.7598 -0.0696 -0.1063, 1.7598 0.8098 -0.1253, 1.7598 0.8465 -0.0775, 1.7598 0.8654 -0.0696, 1.7598 0.8858 -0.0669, 1.6417 -1.2795 0.1299, 1.629 -1.2795 0.2267, 1.5916 -1.2795 0.3169, 1.5322 -1.2795 0.3944, -1.5322 -1.2795 -0.3944, -1.5746 -1.2795 -0.5147, -1.4547 -1.2795 -0.4538, -1.4812 -1.2795 -0.5733, -1.3645 -1.2795 -0.4912, -1.3772 -1.2795 -0.6097, -1.2677 -1.2795 -0.5039, -1.5322 -1.2795 0.3944, -1.6525 -1.2795 0.4368, -1.5916 -1.2795 0.3169, -1.7111 -1.2795 0.3434, -1.629 -1.2795 0.2267, -1.7475 -1.2795 0.2394, -1.6417 -1.2795 0.1299, -1.7598 -1.2795 0.1299, -1.6417 -1.2795 -0.1299, -1.7598 -1.2795 -0.1299, -1.629 -1.2795 -0.2267, -1.7475 -1.2795 -0.2394, -1.5916 -1.2795 -0.3169, -1.7111 -1.2795 -0.3434, -1.6525 -1.2795 -0.4368, 1.4547 -1.2795 0.4538, 1.3645 -1.2795 0.4912, 1.2677 -1.2795 0.5039, -1.2677 -1.2795 0.5039, -1.3645 -1.2795 0.4912, -1.3772 -1.2795 0.6097, -1.4547 -1.2795 0.4538, -1.4812 -1.2795 0.5733, -1.5746 -1.2795 0.5147, 1.6417 -0.0606 -0.1299, 1.6417 0.8087 -0.1299, 1.2677 -0.0591 -0.5039, 1.3645 -0.0591 -0.4912, 1.4547 -0.0591 -0.4538, 1.5322 -0.0591 -0.3944, 1.5916 -0.0591 -0.3169, 1.629 -0.0591 -0.2267, 1.6414 -0.0591 -0.1457, -0.8964 -0.1174 -0.5039, -0.8937 -0.1378 -0.5039, 0.9161 0.8465 -0.5039, -0.8964 -0.7881 -0.5039, -0.9042 -0.8071 -0.5039, 0.9168 -0.8234 -0.5039, -0.9168 -0.8234 -0.5039, 0.9331 -0.8359 -0.5039, -1.2677 -0.8465 -0.5039, -0.9724 -0.8465 -0.5039, -0.9521 -0.8438 -0.5039, 0.9521 -0.8438 -0.5039, 0.9724 -0.8465 -0.5039, -0.9331 -0.8359 -0.5039, 0.9331 -0.0696 -0.5039, 0.9286 0.8301 -0.5039, 0.9168 -0.0821 -0.5039, 0.9042 -0.0984 -0.5039, 0.8964 -0.1174 -0.5039, 0.8937 -0.1378 -0.5039, -0.9055 0.8858 -0.5039, -0.9082 0.8654 -0.5039, 0.8268 1.0433 -0.5039, -0.9161 0.8465 -0.5039, -0.9168 -0.0821 -0.5039, 0.9042 -0.8071 -0.5039, 0.8964 -0.7881 -0.5039, 0.8937 -0.7677 -0.5039, -0.9042 -0.0984 -0.5039, 0.9082 0.8654 -0.5039, 0.9055 0.8858 -0.5039, 0.8824 1.0202 -0.5039, 0.8661 1.0328 -0.5039, 0.8472 1.0406 -0.5039, -0.9055 0.9646 -0.5039, -0.8268 1.0433 -0.5039, -0.9028 0.9849 -0.5039, 0.9055 0.9646 -0.5039, 0.9028 0.9849 -0.5039, 0.895 1.0039 -0.5039, -0.8937 -0.7677 -0.5039, 0.9724 -0.0591 -0.5039, 0.9521 -0.0617 -0.5039, 0.9639 0.8098 -0.5039, 0.9449 0.8176 -0.5039, -0.8472 1.0406 -0.5039, -0.8661 1.0328 -0.5039, -0.8824 1.0202 -0.5039, -0.895 1.0039 -0.5039, -0.9843 0.8071 -0.5039, -1.2677 0.8071 -0.5039, -1.2677 -0.0591 -0.5039, -0.9286 0.8301 -0.5039, -0.9449 0.8176 -0.5039, -0.9331 -0.0696 -0.5039, -0.9639 0.8098 -0.5039, -0.9521 -0.0617 -0.5039, -0.9724 -0.0591 -0.5039, 0.874 0.9449 0.5039, -0.1748 1.0063 0.5039, -0.187 1.0157 0.5039, 0.1654 0.9941 0.5039, -0.8567 0.9031 0.5039, -0.8445 0.8937 0.5039, -0.874 1.2795 0.5039, -0.874 0.9449 0.5039, -1.2677 1.2795 0.5039, -0.872 0.9296 0.5039, -0.8661 0.9154 0.5039, -0.2165 0.8858 0.5039, -0.2013 0.8878 0.5039, 0.1595 0.9296 0.5039, -0.187 0.8937 0.5039, -0.1748 0.9031 0.5039, 0.2151 1.2795 0.5039, -0.2151 1.2795 0.5039, -0.2013 1.0216 0.5039, -0.2151 1.0236 0.5039, 0.8445 0.8937 0.5039, 0.8567 0.9031 0.5039, 0.8661 0.9154 0.5039, 0.872 0.9296 0.5039, 0.2151 1.0236 0.5039, 0.2013 1.0216 0.5039, 0.187 1.0157 0.5039, 0.1748 1.0063 0.5039, 0.2013 0.8878 0.5039, 0.2165 0.8858 0.5039, 0.815 0.8858 0.5039, 0.8302 0.8878 0.5039, -0.8302 0.8878 0.5039, -0.815 0.8858 0.5039, -0.1654 0.9941 0.5039, 0.1595 0.9799 0.5039, -0.1595 0.9799 0.5039, -0.1575 0.9646 0.5039, 0.1654 0.9154 0.5039, 0.1748 0.9031 0.5039, 0.187 0.8937 0.5039, -0.1654 0.9154 0.5039, -0.1595 0.9296 0.5039, -0.1575 0.9449 0.5039, 1.6417 0.8301 -0.09, 1.6417 0.8176 -0.1063, 1.6417 -0.8438 -0.1253, 1.6417 -0.8359 -0.1063, 1.6417 0.954 -0.1063, 1.6417 0.9619 -0.1253, 1.6417 0.9646 -0.1457, 1.6417 0.9646 -0.1693, 1.6417 -0.2139 -0.1253, 1.6417 -0.6995 -0.1063, 1.6417 -0.206 -0.1063, 1.6417 -0.712 -0.09, 1.6417 -0.7881 -0.0696, 1.6417 -0.8071 -0.0775, 1.6417 -0.8234 -0.09, 1.6417 0.9415 -0.09, 1.6417 0.9252 -0.0775, 1.6417 0.9062 -0.0696, 1.6417 -0.1935 -0.09, 1.6417 -0.1772 -0.0775, 1.6417 0.8858 -0.0669, 1.6417 0.8654 -0.0696, 1.6417 0.8465 -0.0775, 1.6417 0.8098 -0.1253, 1.6417 -0.2165 -0.1693, 1.6417 -0.689 -0.1693, 1.6417 -0.2165 -0.1457, 1.6417 -0.689 -0.1457, 1.6417 -0.6917 -0.1253, 1.6417 -0.7283 -0.0775, 1.6417 -0.7473 -0.0696, 1.6417 -0.7677 -0.0669, 1.6417 -0.0617 -0.1253, 1.6417 -0.0696 -0.1063, 1.6417 -0.0821 -0.09, 1.6417 -0.0984 -0.0775, 1.6417 -0.1174 -0.0696, 1.6417 -0.1378 -0.0669, 1.6417 -0.1582 -0.0696, 1.6464 -0.2165 -0.205, 1.7605 -0.2165 -0.1744, 1.6602 -0.2165 -0.2382, 1.7625 -0.2165 -0.1791, 1.6821 -0.2165 -0.2667, 1.7656 -0.2165 -0.1832, 1.7106 -0.2165 -0.2886, 1.7697 -0.2165 -0.1863, 1.7439 -0.2165 -0.3024, 1.7744 -0.2165 -0.1883, 1.7795 -0.2165 -0.3071, 1.7795 -0.2165 -0.189, 2.1339 -0.2165 -0.3071, 2.1339 -0.2165 -0.189, 2.139 -0.2165 -0.3078, 2.1695 -0.2165 -0.1937, 2.1437 -0.2165 -0.3097, 2.2028 -0.2165 -0.2074, 2.1478 -0.2165 -0.3129, 2.2313 -0.2165 -0.2293, 2.1509 -0.2165 -0.3169, 2.2532 -0.2165 -0.2579, 2.1529 -0.2165 -0.3217, 2.267 -0.2165 -0.2911, 2.1535 -0.2165 -0.3268, 2.2717 -0.2165 -0.3268, 2.1535 -0.2165 -0.5039, 2.2717 -0.2165 -0.5039, 1.7605 -0.689 -0.1744, 1.6464 -0.689 -0.205, 1.7625 -0.689 -0.1791, 1.6602 -0.689 -0.2382, 1.7656 -0.689 -0.1832, 1.6821 -0.689 -0.2667, 1.7697 -0.689 -0.1863, 1.7106 -0.689 -0.2886, 1.7744 -0.689 -0.1883, 1.7439 -0.689 -0.3024, 1.7795 -0.689 -0.189, 1.7795 -0.689 -0.3071, 2.1339 -0.689 -0.189, 2.1339 -0.689 -0.3071, 2.1695 -0.689 -0.1937, 2.139 -0.689 -0.3078, 2.2028 -0.689 -0.2074, 2.1437 -0.689 -0.3097, 2.2313 -0.689 -0.2293, 2.1478 -0.689 -0.3129, 2.2532 -0.689 -0.2579, 2.1509 -0.689 -0.3169, 2.267 -0.689 -0.2911, 2.1529 -0.689 -0.3217, 2.2717 -0.689 -0.3268, 2.1535 -0.689 -0.3268, 2.2717 -0.689 -0.5039, 2.1535 -0.689 -0.5039, 2.2717 -0.2559 -0.5721, 2.2717 -0.2396 -0.5596, 2.2717 -0.2271 -0.5433, 2.2717 -0.6102 -0.5827, 2.2717 -0.2953 -0.5827, 2.2717 -0.2192 -0.5243, 2.2717 -0.6784 -0.5433, 2.2717 -0.6659 -0.5596, 2.2717 -0.6496 -0.5721, 2.2717 -0.2749 -0.58, 2.2717 -0.6863 -0.5243, 2.2717 -0.6306 -0.58, 2.1535 -0.2953 -0.5827, 2.1535 -0.6102 -0.5827, 2.1535 -0.2271 -0.5433, 2.1535 -0.2396 -0.5596, 2.1535 -0.2559 -0.5721, 2.1535 -0.6863 -0.5243, 2.1535 -0.6496 -0.5721, 2.1535 -0.6659 -0.5596, 2.1535 -0.6784 -0.5433, 2.1535 -0.2192 -0.5243, 2.1535 -0.2749 -0.58, 2.1535 -0.6306 -0.58, -1.3645 0.8071 -0.4912, -1.3772 0.8071 -0.6097, -1.4547 0.8071 -0.4538, -1.4812 0.8071 -0.5733, -1.5322 0.8071 -0.3944, -1.7596 0.8071 -0.1457, -1.6414 0.8071 -0.1457, -1.7475 0.8071 -0.2394, -1.629 0.8071 -0.2267, -1.7111 0.8071 -0.3434, -1.5916 0.8071 -0.3169, -1.6525 0.8071 -0.4368, -1.5746 0.8071 -0.5147, 2.1535 0.9646 -0.5039, 2.2717 0.9646 -0.5039, 2.1535 0.9646 -0.3268, 2.2717 0.9646 -0.3268, 2.153 0.9646 -0.3224, 2.267 0.9646 -0.2911, 2.1516 0.9646 -0.3182, 2.2532 0.9646 -0.2579, 2.1492 0.9646 -0.3145, 2.2313 0.9646 -0.2293, 1.7605 0.9646 -0.1744, 1.6464 0.9646 -0.205, 1.7625 0.9646 -0.1791, 1.6602 0.9646 -0.2382, 1.7656 0.9646 -0.1832, 1.6821 0.9646 -0.2667, 1.7697 0.9646 -0.1863, 1.7106 0.9646 -0.2886, 1.7744 0.9646 -0.1883, 1.7439 0.9646 -0.3024, 1.7795 0.9646 -0.189, 1.7795 0.9646 -0.3071, 2.1339 0.9646 -0.189, 2.1339 0.9646 -0.3071, 2.1695 0.9646 -0.1937, 2.1382 0.9646 -0.3076, 2.2028 0.9646 -0.2074, 2.1424 0.9646 -0.309, 2.1461 0.9646 -0.3114, 2.1535 1.2212 -0.58, 2.1535 1.2008 -0.5827, 2.1535 0.9673 -0.5243, 2.1535 1.0433 -0.5827, 2.1535 1.269 -0.5433, 2.1535 1.2565 -0.5596, 2.1535 1.2402 -0.5721, 2.1535 1.0229 -0.58, 2.1535 1.0039 -0.5721, 2.1535 0.9876 -0.5596, 2.1535 0.9751 -0.5433, 2.1535 1.2768 -0.5243, 2.2717 1.2008 -0.5827, 2.2717 1.0433 -0.5827, 2.2717 0.9673 -0.5243, 2.2717 0.9751 -0.5433, 2.2717 0.9876 -0.5596, 2.2717 1.0229 -0.58, 2.2717 1.0039 -0.5721, 2.2717 1.2212 -0.58, 2.2717 1.2402 -0.5721, 2.2717 1.2565 -0.5596, 2.2717 1.269 -0.5433, 2.2717 1.2768 -0.5243, -0.58 1.2795 0.3055, -0.6391 1.2795 0.4077, -0.2545 1.2795 0.4934, -0.3135 1.2795 0.5957, -0.2355 1.2795 0.5013, -0.2661 1.2795 0.6153, 0.2355 1.2795 0.5013, 0.2661 1.2795 0.6153, 0.2545 1.2795 0.4934, 0.3135 1.2795 0.5957, 0.58 1.2795 0.3055, 0.6391 1.2795 0.4077, 0.6482 1.2008 0.2661, 0.5977 1.2768 0.2953, 0.2545 1.0236 0.4934, 0.6482 1.1024 0.2661, 0.58 1.0236 0.3055, 0.6141 1.269 0.2858, 0.6282 1.2565 0.2776, 0.6459 1.2212 0.2674, 0.6391 1.2402 0.2714, 0.6391 1.063 0.2714, 0.6282 1.0467 0.2776, 0.6141 1.0342 0.2858, 0.6459 1.082 0.2674, 0.5977 1.0263 0.2953, 0.7072 1.2008 0.3684, 0.7072 1.1024 0.3684, 0.3135 1.0236 0.5957, 0.6391 1.0236 0.4077, 0.6732 1.0342 0.3881, 0.6567 1.0263 0.3976, 0.6567 1.2768 0.3976, 0.6873 1.0467 0.3799, 0.6981 1.063 0.3736, 0.7049 1.082 0.3697, 0.7049 1.2212 0.3697, 0.6981 1.2402 0.3736, 0.6873 1.2565 0.3799, 0.6732 1.269 0.3881, 0.2661 1.0236 0.6153, 0.2165 1.0236 0.622, 0.2355 1.0236 0.5013, 0.2165 1.0236 0.5039, 0.2013 1.0216 0.622, 0.187 1.0157 0.622, 0.1748 1.0063 0.622, 0.1654 0.9941 0.622, 0.1595 0.9799 0.622, -1.3772 1.2795 0.6097, -1.3645 1.2795 0.4912, -1.4812 1.2795 0.5733, -1.4547 1.2795 0.4538, -1.5746 1.2795 0.5147, -1.5322 1.2795 0.3944, -1.6525 1.2795 0.4368, -1.5916 1.2795 0.3169, -2.1535 1.2795 -0.5039, -2.2717 1.2795 -0.5039, -2.1535 1.2795 -0.3268, -2.2717 1.2795 -0.3268, -2.153 1.2795 -0.3224, -2.267 1.2795 -0.2911, -2.1516 1.2795 -0.3182, -2.2532 1.2795 -0.2579, -2.1492 1.2795 -0.3145, -2.2313 1.2795 -0.2293, -2.1461 1.2795 -0.3114, -2.1424 1.2795 -0.309, -2.2028 1.2795 -0.2074, -2.1382 1.2795 -0.3076, -2.1695 1.2795 -0.1937, -2.1339 1.2795 -0.3071, -2.1339 1.2795 -0.189, -1.7795 1.2795 -0.3071, -1.7795 1.2795 -0.189, -1.7439 1.2795 -0.3024, -1.7744 1.2795 -0.1883, -1.7106 1.2795 -0.2886, -1.7697 1.2795 -0.1863, -1.6821 1.2795 -0.2667, -1.7656 1.2795 -0.1832, -1.6602 1.2795 -0.2382, -1.7625 1.2795 -0.1791, -1.6464 1.2795 -0.205, -1.7605 1.2795 -0.1744, -1.6417 1.2795 -0.1693, -1.7598 1.2795 -0.1693, -1.6417 1.2795 0.1299, -1.7598 1.2795 0.1299, -1.629 1.2795 0.2267, -1.7475 1.2795 0.2394, -1.7111 1.2795 0.3434, -1.7598 -0.8449 -0.1299, -1.7596 -0.8465 -0.1457, -1.7475 -0.8465 -0.2394, -1.7111 -0.8465 -0.3434, -1.6525 -0.8465 -0.4368, -1.5746 -0.8465 -0.5147, -1.4812 -0.8465 -0.5733, -1.3772 -0.8465 -0.6097, -1.3645 -0.8465 -0.4912, -1.4547 -0.8465 -0.4538, -1.5322 -0.8465 -0.3944, -1.5916 -0.8465 -0.3169, -1.629 -0.8465 -0.2267, -1.6414 -0.8465 -0.1457, -1.6417 -0.8449 -0.1299, -1.7598 -0.0606 -0.1299, -1.7598 0.8087 -0.1299, -1.7596 -0.0591 -0.1457, -1.7475 -0.0591 -0.2394, -1.7111 -0.0591 -0.3434, -1.6525 -0.0591 -0.4368, -1.5746 -0.0591 -0.5147, -1.4812 -0.0591 -0.5733, -1.3772 -0.0591 -0.6097, -1.7598 0.8301 -0.09, -1.7598 0.8176 -0.1063, -1.7598 -0.0821 -0.09, -1.7598 -0.6995 -0.1063, -1.7598 -0.712 -0.09, -1.7598 -0.8438 -0.1253, -1.7598 -0.8359 -0.1063, -1.7598 -0.0984 -0.0775, -1.7598 -0.7881 -0.0696, -1.7598 -0.8071 -0.0775, -1.7598 -0.8234 -0.09, -1.7598 -0.1772 -0.0775, -1.7598 -0.1935 -0.09, -1.7598 -0.206 -0.1063, -1.7598 -0.2139 -0.1253, -1.7598 0.954 -0.1063, -1.7598 0.9619 -0.1253, -1.7598 0.9646 -0.1457, -1.7598 0.9646 -0.1693, -1.7598 -0.7283 -0.0775, -1.7598 -0.7473 -0.0696, -1.7598 -0.7677 -0.0669, -1.7598 0.8098 -0.1253, -1.7598 -0.0617 -0.1253, -1.7598 -0.0696 -0.1063, -1.7598 -0.1174 -0.0696, -1.7598 -0.1378 -0.0669, -1.7598 -0.1582 -0.0696, -1.7598 0.9415 -0.09, -1.7598 0.9252 -0.0775, -1.7598 0.9062 -0.0696, -1.7598 0.8858 -0.0669, -1.7598 0.8654 -0.0696, -1.7598 0.8465 -0.0775, -1.7598 -0.2165 -0.1693, -1.7598 -0.689 -0.1693, -1.7598 -0.2165 -0.1457, -1.7598 -0.689 -0.1457, -1.7598 -0.6917 -0.1253, -1.6417 0.8087 -0.1299, -1.6417 -0.0606 -0.1299, -1.6414 -0.0591 -0.1457, -1.629 -0.0591 -0.2267, -1.5916 -0.0591 -0.3169, -1.5322 -0.0591 -0.3944, -1.4547 -0.0591 -0.4538, -1.3645 -0.0591 -0.4912, -1.6417 0.9646 -0.1457, -1.6417 0.9646 -0.1693, -1.6417 -0.712 -0.09, -1.6417 -0.6995 -0.1063, -1.6417 -0.0984 -0.0775, -1.6417 -0.0821 -0.09, -1.6417 -0.8438 -0.1253, -1.6417 -0.8359 -0.1063, -1.6417 -0.8234 -0.09, -1.6417 -0.8071 -0.0775, -1.6417 -0.7881 -0.0696, -1.6417 -0.2139 -0.1253, -1.6417 -0.206 -0.1063, -1.6417 -0.1935 -0.09, -1.6417 -0.1772 -0.0775, -1.6417 -0.7677 -0.0669, -1.6417 -0.7473 -0.0696, -1.6417 -0.7283 -0.0775, -1.6417 0.9062 -0.0696, -1.6417 0.9252 -0.0775, -1.6417 -0.1582 -0.0696, -1.6417 -0.1378 -0.0669, -1.6417 -0.1174 -0.0696, -1.6417 -0.0617 -0.1253, -1.6417 0.8098 -0.1253, -1.6417 -0.0696 -0.1063, -1.6417 0.8176 -0.1063, -1.6417 0.8301 -0.09, -1.6417 0.9415 -0.09, -1.6417 0.954 -0.1063, -1.6417 0.9619 -0.1253, -1.6417 -0.689 -0.1457, -1.6417 -0.689 -0.1693, -1.6417 -0.2165 -0.1693, -1.6417 -0.6917 -0.1253, -1.6417 -0.2165 -0.1457, -1.6417 0.8465 -0.0775, -1.6417 0.8654 -0.0696, -1.6417 0.8858 -0.0669, -1.7605 -0.2165 -0.1744, -1.6464 -0.2165 -0.205, -1.7625 -0.2165 -0.1791, -1.6602 -0.2165 -0.2382, -1.7656 -0.2165 -0.1832, -1.6821 -0.2165 -0.2667, -1.7697 -0.2165 -0.1863, -1.7106 -0.2165 -0.2886, -1.7744 -0.2165 -0.1883, -1.7439 -0.2165 -0.3024, -1.7795 -0.2165 -0.189, -1.7795 -0.2165 -0.3071, -2.1339 -0.2165 -0.189, -2.1339 -0.2165 -0.3071, -2.1695 -0.2165 -0.1937, -2.139 -0.2165 -0.3078, -2.2028 -0.2165 -0.2074, -2.1437 -0.2165 -0.3097, -2.2313 -0.2165 -0.2293, -2.1478 -0.2165 -0.3129, -2.2532 -0.2165 -0.2579, -2.1509 -0.2165 -0.3169, -2.267 -0.2165 -0.2911, -2.1529 -0.2165 -0.3217, -2.2717 -0.2165 -0.3268, -2.1535 -0.2165 -0.3268, -2.2717 -0.2165 -0.5039, -2.1535 -0.2165 -0.5039, -1.6464 -0.689 -0.205, -1.7605 -0.689 -0.1744, -1.6602 -0.689 -0.2382, -1.7625 -0.689 -0.1791, -1.6821 -0.689 -0.2667, -1.7656 -0.689 -0.1832, -1.7106 -0.689 -0.2886, -1.7697 -0.689 -0.1863, -1.7439 -0.689 -0.3024, -1.7744 -0.689 -0.1883, -1.7795 -0.689 -0.3071, -1.7795 -0.689 -0.189, -2.1339 -0.689 -0.3071, -2.1339 -0.689 -0.189, -2.139 -0.689 -0.3078, -2.1695 -0.689 -0.1937, -2.1437 -0.689 -0.3097, -2.2028 -0.689 -0.2074, -2.1478 -0.689 -0.3129, -2.2313 -0.689 -0.2293, -2.1509 -0.689 -0.3169, -2.2532 -0.689 -0.2579, -2.1529 -0.689 -0.3217, -2.267 -0.689 -0.2911, -2.1535 -0.689 -0.3268, -2.2717 -0.689 -0.3268, -2.1535 -0.689 -0.5039, -2.2717 -0.689 -0.5039, -2.2717 -0.2192 -0.5243, -2.2717 -0.2271 -0.5433, -2.2717 -0.2396 -0.5596, -2.2717 -0.2559 -0.5721, -2.2717 -0.6784 -0.5433, -2.2717 -0.6102 -0.5827, -2.2717 -0.6659 -0.5596, -2.2717 -0.6306 -0.58, -2.2717 -0.6496 -0.5721, -2.2717 -0.2749 -0.58, -2.2717 -0.2953 -0.5827, -2.2717 -0.6863 -0.5243, -2.1535 -0.6102 -0.5827, -2.1535 -0.2953 -0.5827, -2.1535 -0.2749 -0.58, -2.1535 -0.2559 -0.5721, -2.1535 -0.6496 -0.5721, -2.1535 -0.6306 -0.58, -2.1535 -0.6659 -0.5596, -2.1535 -0.6784 -0.5433, -2.1535 -0.2396 -0.5596, -2.1535 -0.2271 -0.5433, -2.1535 -0.2192 -0.5243, -2.1535 -0.6863 -0.5243, -2.2717 0.9646 -0.5039, -2.1535 0.9646 -0.5039, -2.2717 0.9646 -0.3268, -2.1535 0.9646 -0.3268, -2.267 0.9646 -0.2911, -2.153 0.9646 -0.3224, -2.2532 0.9646 -0.2579, -2.1516 0.9646 -0.3182, -2.2313 0.9646 -0.2293, -1.6464 0.9646 -0.205, -1.7605 0.9646 -0.1744, -1.6602 0.9646 -0.2382, -1.7625 0.9646 -0.1791, -1.6821 0.9646 -0.2667, -1.7656 0.9646 -0.1832, -1.7106 0.9646 -0.2886, -1.7697 0.9646 -0.1863, -1.7439 0.9646 -0.3024, -1.7744 0.9646 -0.1883, -1.7795 0.9646 -0.3071, -1.7795 0.9646 -0.189, -2.1339 0.9646 -0.3071, -2.1339 0.9646 -0.189, -2.1382 0.9646 -0.3076, -2.1695 0.9646 -0.1937, -2.1424 0.9646 -0.309, -2.2028 0.9646 -0.2074, -2.1461 0.9646 -0.3114, -2.1492 0.9646 -0.3145, -2.1535 1.0433 -0.5827, -2.1535 0.9673 -0.5243, -2.1535 0.9751 -0.5433, -2.1535 0.9876 -0.5596, -2.1535 1.0229 -0.58, -2.1535 1.0039 -0.5721, -2.1535 1.2008 -0.5827, -2.1535 1.2212 -0.58, -2.1535 1.2402 -0.5721, -2.1535 1.2565 -0.5596, -2.1535 1.269 -0.5433, -2.1535 1.2768 -0.5243, -2.2717 1.0433 -0.5827, -2.2717 1.2008 -0.5827, -2.2717 1.2212 -0.58, -2.2717 0.9673 -0.5243, -2.2717 1.269 -0.5433, -2.2717 1.2565 -0.5596, -2.2717 1.2402 -0.5721, -2.2717 1.0229 -0.58, -2.2717 1.0039 -0.5721, -2.2717 0.9876 -0.5596, -2.2717 0.9751 -0.5433, -2.2717 1.2768 -0.5243, -0.5977 1.2768 0.2953, -0.6482 1.2008 0.2661, -0.6482 1.1024 0.2661, -0.2545 1.0236 0.4934, -0.58 1.0236 0.3055, -0.6141 1.0342 0.2858, -0.6282 1.0467 0.2776, -0.6391 1.063 0.2714, -0.5977 1.0263 0.2953, -0.6459 1.082 0.2674, -0.6459 1.2212 0.2674, -0.6391 1.2402 0.2714, -0.6282 1.2565 0.2776, -0.6141 1.269 0.2858, -0.7072 1.1024 0.3684, -0.7072 1.2008 0.3684, -0.6732 1.0342 0.3881, -0.6567 1.0263 0.3976, -0.6873 1.0467 0.3799, -0.6391 1.0236 0.4077, -0.6981 1.063 0.3736, -0.6567 1.2768 0.3976, -0.3135 1.0236 0.5957, -0.7049 1.082 0.3697, -0.6732 1.269 0.3881, -0.6873 1.2565 0.3799, -0.7049 1.2212 0.3697, -0.6981 1.2402 0.3736, -0.2165 1.0236 0.622, -0.2661 1.0236 0.6153, -0.2355 1.0236 0.5013, -0.2165 1.0236 0.5039, -0.1595 0.9799 0.622, -0.1654 0.9941 0.622, -0.1748 1.0063 0.622, -0.187 1.0157 0.622, -0.2013 1.0216 0.622, -0.2013 1.0216 0.622
            ]
        }
        coordIndex [
            0,1,2,-1,3,4,5,-1,6,7,8,-1,9,10,11,-1,12,13,14,-1,15,16,17,-1,18,19,20,-1,21,22,23,-1,24,25,26,-1,26,25,27,-1,28,29,30,-1,30,29,26,-1,30,26,31,-1,31,26,32,-1,27,33,26,-1,26,33,34,-1,26,34,32,-1,35,36,26,-1,26,36,37,-1,26,37,24,-1,24,37,38,-1,24,38,39,-1,21,23,40,-1,41,42,43,-1,43,42,44,-1,43,44,38,-1,38,44,45,-1,38,45,39,-1,43,40,41,-1,41,40,23,-1,41,23,46,-1,46,23,47,-1,23,48,49,-1,23,50,47,-1,47,50,51,-1,47,51,52,-1,52,51,53,-1,52,53,54,-1,49,55,23,-1,23,55,56,-1,23,56,50,-1,57,58,59,-1,57,59,60,-1,58,61,59,-1,59,61,62,-1,59,62,63,-1,63,62,64,-1,64,65,63,-1,63,65,66,-1,63,66,23,-1,23,66,67,-1,23,67,48,-1,68,60,69,-1,69,60,59,-1,69,59,70,-1,70,59,71,-1,72,73,74,-1,74,75,72,-1,72,75,76,-1,72,76,77,-1,76,78,77,-1,77,78,79,-1,77,79,80,-1,80,79,81,-1,80,81,59,-1,59,81,82,-1,59,82,71,-1,83,84,73,-1,73,84,85,-1,73,85,86,-1,86,87,73,-1,73,87,88,-1,73,88,74,-1,89,90,91,-1,92,93,83,-1,94,95,96,-1,96,95,97,-1,89,91,98,-1,92,83,99,-1,100,101,95,-1,95,101,102,-1,95,102,103,-1,28,104,29,-1,29,104,105,-1,29,105,83,-1,83,105,106,-1,83,106,99,-1,90,107,91,-1,91,107,108,-1,91,108,109,-1,110,111,112,-1,112,111,113,-1,112,113,114,-1,115,103,116,-1,116,103,117,-1,116,117,112,-1,112,117,118,-1,112,118,110,-1,115,119,103,-1,103,119,120,-1,103,120,95,-1,95,120,121,-1,95,121,97,-1,122,123,124,-1,124,123,125,-1,124,125,91,-1,91,125,126,-1,91,126,98,-1,127,128,91,-1,91,128,129,-1,91,129,95,-1,95,129,130,-1,95,130,100,-1,131,132,84,-1,84,132,133,-1,84,133,134,-1,134,135,84,-1,84,135,136,-1,84,136,137,-1,137,136,122,-1,137,122,138,-1,138,122,124,-1,93,139,83,-1,83,139,140,-1,83,140,84,-1,84,140,141,-1,84,141,131,-1,109,142,91,-1,91,142,143,-1,91,143,144,-1,144,145,91,-1,91,145,146,-1,91,146,127,-1,147,148,149,-1,148,150,149,-1,149,150,151,-1,149,151,152,-1,102,149,103,-1,103,149,153,-1,103,153,154,-1,155,156,157,-1,157,156,158,-1,157,158,159,-1,155,157,102,-1,102,157,160,-1,102,160,149,-1,149,160,161,-1,149,161,147,-1,162,163,164,-1,164,163,165,-1,164,165,166,-1,152,151,167,-1,167,151,168,-1,167,168,169,-1,169,168,170,-1,169,170,171,-1,154,172,103,-1,103,172,164,-1,103,164,173,-1,173,164,166,-1,174,18,175,-1,176,177,178,-1,178,177,179,-1,178,179,180,-1,180,179,181,-1,182,183,2,-1,18,20,175,-1,175,20,184,-1,175,184,182,-1,185,186,187,-1,188,189,190,-1,191,190,192,-1,193,194,195,-1,195,194,196,-1,195,196,197,-1,197,196,185,-1,197,185,198,-1,199,200,201,-1,201,200,202,-1,201,202,192,-1,187,186,203,-1,203,186,204,-1,203,204,205,-1,189,188,206,-1,206,188,207,-1,206,207,208,-1,209,207,210,-1,210,207,211,-1,204,208,205,-1,205,208,207,-1,205,207,212,-1,212,207,209,-1,213,214,215,-1,216,217,213,-1,213,217,218,-1,213,218,212,-1,212,218,219,-1,212,219,205,-1,205,219,220,-1,205,220,221,-1,213,222,223,-1,215,224,213,-1,213,224,225,-1,213,225,226,-1,226,227,213,-1,213,227,228,-1,213,228,216,-1,229,230,231,-1,231,230,232,-1,231,232,233,-1,223,234,213,-1,213,234,235,-1,213,235,214,-1,221,236,205,-1,205,236,237,-1,205,237,238,-1,238,237,239,-1,238,239,240,-1,240,241,238,-1,238,241,242,-1,238,242,243,-1,222,213,231,-1,231,213,244,-1,231,244,229,-1,245,246,247,-1,247,248,245,-1,245,248,249,-1,245,249,250,-1,243,251,238,-1,238,251,252,-1,238,252,253,-1,254,255,245,-1,245,255,256,-1,245,256,246,-1,252,257,253,-1,253,257,258,-1,253,258,254,-1,254,258,259,-1,254,259,255,-1,260,261,262,-1,262,261,263,-1,262,263,264,-1,264,263,265,-1,265,263,266,-1,266,263,267,-1,266,267,268,-1,16,269,17,-1,17,269,270,-1,17,270,271,-1,268,267,272,-1,272,267,273,-1,272,273,274,-1,190,191,188,-1,188,191,275,-1,188,275,276,-1,277,278,279,-1,279,278,211,-1,279,211,17,-1,17,211,207,-1,17,207,15,-1,15,207,188,-1,15,188,280,-1,280,188,276,-1,281,282,191,-1,191,282,283,-1,191,283,275,-1,281,191,284,-1,284,191,285,-1,284,285,286,-1,14,13,177,-1,13,287,177,-1,177,287,288,-1,177,288,289,-1,286,290,291,-1,291,290,179,-1,291,179,292,-1,292,179,177,-1,292,177,293,-1,293,177,289,-1,294,295,14,-1,14,295,296,-1,14,296,12,-1,297,298,299,-1,299,298,300,-1,299,300,301,-1,22,302,303,-1,302,304,303,-1,303,304,305,-1,303,305,300,-1,300,305,306,-1,300,306,301,-1,307,308,309,-1,309,310,307,-1,307,310,311,-1,307,311,312,-1,313,314,11,-1,314,315,11,-1,11,315,316,-1,11,316,9,-1,317,318,2,-1,2,318,319,-1,2,319,320,-1,286,285,290,-1,290,285,321,-1,290,321,322,-1,323,324,290,-1,290,324,325,-1,322,326,290,-1,290,326,327,-1,290,327,323,-1,181,179,183,-1,183,179,290,-1,183,290,2,-1,2,290,325,-1,2,325,317,-1,328,329,330,-1,330,329,331,-1,332,333,187,-1,187,333,191,-1,187,191,185,-1,185,191,192,-1,185,192,198,-1,198,192,202,-1,333,334,191,-1,191,334,335,-1,191,335,285,-1,285,335,336,-1,285,336,321,-1,337,338,339,-1,340,341,342,-1,340,342,343,-1,344,345,346,-1,346,345,347,-1,348,349,345,-1,345,349,350,-1,351,352,353,-1,338,354,339,-1,339,354,355,-1,339,355,356,-1,356,355,357,-1,358,359,357,-1,357,359,360,-1,357,360,356,-1,344,361,345,-1,345,361,362,-1,345,362,348,-1,363,364,342,-1,342,364,365,-1,342,365,343,-1,238,366,367,-1,368,369,238,-1,238,369,370,-1,337,339,367,-1,367,339,371,-1,367,371,238,-1,238,371,372,-1,238,372,368,-1,351,373,352,-1,352,373,374,-1,352,374,375,-1,375,374,376,-1,375,376,377,-1,378,379,357,-1,357,379,380,-1,357,380,381,-1,382,383,384,-1,384,383,385,-1,384,385,386,-1,387,388,389,-1,389,388,390,-1,389,390,377,-1,377,390,391,-1,377,391,375,-1,381,392,357,-1,357,392,393,-1,357,393,358,-1,394,395,396,-1,396,395,397,-1,396,397,341,-1,382,387,383,-1,383,387,389,-1,383,389,398,-1,398,389,399,-1,398,399,400,-1,400,399,401,-1,400,401,402,-1,402,401,403,-1,404,403,397,-1,397,403,401,-1,397,401,341,-1,341,401,399,-1,341,399,342,-1,405,406,8,-1,407,408,205,-1,409,410,8,-1,8,410,411,-1,370,351,238,-1,238,351,353,-1,238,353,205,-1,205,353,412,-1,205,412,407,-1,408,413,205,-1,205,413,414,-1,205,414,203,-1,203,414,415,-1,203,415,405,-1,416,417,406,-1,406,417,418,-1,406,418,8,-1,8,418,419,-1,8,419,409,-1,411,420,8,-1,8,420,421,-1,8,421,6,-1,422,423,424,-1,424,423,425,-1,424,425,426,-1,424,427,422,-1,422,427,428,-1,422,428,429,-1,429,430,422,-1,422,430,431,-1,422,431,432,-1,432,431,433,-1,432,433,434,-1,434,433,435,-1,434,435,406,-1,406,435,436,-1,406,436,416,-1,437,438,426,-1,426,438,439,-1,426,439,424,-1,440,441,386,-1,386,441,442,-1,386,442,384,-1,440,443,441,-1,441,443,444,-1,441,444,445,-1,445,444,446,-1,445,447,448,-1,446,449,445,-1,445,449,450,-1,445,450,451,-1,451,452,445,-1,445,452,453,-1,445,453,447,-1,448,454,445,-1,445,454,455,-1,445,455,456,-1,457,458,330,-1,330,458,459,-1,460,461,462,-1,331,332,330,-1,330,332,187,-1,330,187,457,-1,457,187,463,-1,457,463,464,-1,464,463,460,-1,464,460,465,-1,465,460,462,-1,5,466,8,-1,8,466,467,-1,405,8,203,-1,203,8,467,-1,203,467,187,-1,187,467,468,-1,187,468,463,-1,469,466,470,-1,470,466,5,-1,470,5,471,-1,471,5,4,-1,472,473,474,-1,404,397,7,-1,7,397,472,-1,7,472,8,-1,8,472,474,-1,8,474,5,-1,5,474,475,-1,5,475,476,-1,477,478,479,-1,479,478,480,-1,479,480,472,-1,472,480,481,-1,472,481,473,-1,476,482,5,-1,5,482,483,-1,5,483,3,-1,484,485,486,-1,484,486,487,-1,485,488,486,-1,486,488,489,-1,486,489,479,-1,479,489,490,-1,479,490,477,-1,182,2,175,-1,175,2,1,-1,175,1,491,-1,491,492,175,-1,175,492,493,-1,175,493,494,-1,494,493,495,-1,494,495,496,-1,497,498,499,-1,499,498,500,-1,499,500,501,-1,501,500,493,-1,501,493,502,-1,502,493,492,-1,502,492,503,-1,503,492,504,-1,503,504,505,-1,505,504,506,-1,495,507,496,-1,496,507,508,-1,496,508,459,-1,459,508,0,-1,459,0,330,-1,330,0,2,-1,330,2,328,-1,328,2,320,-1,509,510,511,-1,512,176,513,-1,514,515,516,-1,516,515,517,-1,516,517,518,-1,178,174,176,-1,176,174,175,-1,176,175,513,-1,513,175,519,-1,514,516,520,-1,520,516,519,-1,520,519,521,-1,522,523,175,-1,518,524,516,-1,516,524,525,-1,516,525,526,-1,527,528,519,-1,519,528,529,-1,519,529,521,-1,175,523,519,-1,519,523,530,-1,519,530,527,-1,511,531,509,-1,509,531,512,-1,509,512,532,-1,532,512,513,-1,531,516,512,-1,512,516,526,-1,512,526,494,-1,494,526,533,-1,494,533,175,-1,175,533,534,-1,175,534,522,-1,535,512,536,-1,536,512,494,-1,536,494,537,-1,537,494,496,-1,537,496,486,-1,486,496,459,-1,486,459,487,-1,487,459,458,-1,538,535,539,-1,539,535,536,-1,539,536,540,-1,540,536,537,-1,540,537,541,-1,541,537,486,-1,541,486,542,-1,542,486,479,-1,542,479,543,-1,543,479,472,-1,543,472,544,-1,544,472,397,-1,544,397,545,-1,545,397,395,-1,545,395,546,-1,546,395,547,-1,546,547,72,-1,394,347,395,-1,395,347,345,-1,395,345,547,-1,547,345,548,-1,549,550,548,-1,548,550,551,-1,350,366,345,-1,345,366,238,-1,345,238,548,-1,548,238,253,-1,548,253,549,-1,549,253,552,-1,72,547,73,-1,73,547,548,-1,73,548,83,-1,83,548,551,-1,83,551,29,-1,29,551,553,-1,29,553,253,-1,253,553,554,-1,253,554,552,-1,555,556,557,-1,557,556,549,-1,557,549,558,-1,558,549,552,-1,558,552,559,-1,559,552,560,-1,561,562,563,-1,564,565,26,-1,26,565,561,-1,26,561,254,-1,254,561,563,-1,254,563,253,-1,253,563,566,-1,253,566,29,-1,29,566,564,-1,29,564,26,-1,250,277,245,-1,245,277,279,-1,245,279,254,-1,254,279,567,-1,254,567,26,-1,26,567,11,-1,26,11,35,-1,35,11,10,-1,271,274,17,-1,17,274,273,-1,17,273,279,-1,279,273,568,-1,279,568,567,-1,567,568,569,-1,567,569,11,-1,11,569,307,-1,11,307,313,-1,313,307,312,-1,22,303,23,-1,23,303,570,-1,23,570,63,-1,63,570,571,-1,63,571,59,-1,59,571,572,-1,59,572,80,-1,80,572,573,-1,80,573,77,-1,574,575,576,-1,576,575,577,-1,576,577,578,-1,577,579,578,-1,578,579,580,-1,578,580,581,-1,581,580,582,-1,581,582,583,-1,583,582,584,-1,583,584,585,-1,585,584,586,-1,585,586,587,-1,587,586,588,-1,587,588,589,-1,589,588,590,-1,271,270,591,-1,591,270,592,-1,593,295,594,-1,594,295,294,-1,594,294,595,-1,595,294,596,-1,595,596,597,-1,598,599,600,-1,600,599,601,-1,600,601,602,-1,602,601,603,-1,602,603,604,-1,604,603,605,-1,604,605,606,-1,596,607,597,-1,597,607,608,-1,597,608,609,-1,609,608,610,-1,609,610,611,-1,611,610,612,-1,611,612,613,-1,613,612,614,-1,613,614,615,-1,615,614,616,-1,615,616,617,-1,617,616,618,-1,617,618,619,-1,619,618,620,-1,619,620,621,-1,621,620,622,-1,621,622,623,-1,623,622,624,-1,623,624,625,-1,625,624,626,-1,625,626,627,-1,627,626,628,-1,627,628,629,-1,629,628,630,-1,629,630,631,-1,631,630,632,-1,631,632,633,-1,633,632,634,-1,633,634,635,-1,635,634,636,-1,635,636,637,-1,637,636,606,-1,637,606,638,-1,638,606,605,-1,639,640,641,-1,639,641,642,-1,641,643,642,-1,642,643,644,-1,642,644,645,-1,645,644,646,-1,645,646,647,-1,647,646,648,-1,647,648,649,-1,649,648,650,-1,649,650,651,-1,651,650,652,-1,651,652,653,-1,653,652,654,-1,653,654,655,-1,656,657,658,-1,658,657,659,-1,658,659,660,-1,660,659,661,-1,660,661,662,-1,662,661,663,-1,662,663,664,-1,664,663,665,-1,664,665,666,-1,666,665,667,-1,666,667,668,-1,668,667,669,-1,668,669,670,-1,577,671,579,-1,579,671,672,-1,579,672,580,-1,580,672,673,-1,580,673,582,-1,582,673,674,-1,582,674,584,-1,584,674,675,-1,584,675,586,-1,586,675,676,-1,586,676,588,-1,677,678,575,-1,575,678,679,-1,575,679,577,-1,577,679,680,-1,577,680,671,-1,681,682,683,-1,684,655,654,-1,685,654,686,-1,686,654,687,-1,686,687,688,-1,688,687,689,-1,685,690,654,-1,654,690,691,-1,654,691,692,-1,683,682,693,-1,694,695,696,-1,696,695,697,-1,696,697,682,-1,682,697,698,-1,682,698,693,-1,694,696,699,-1,699,696,700,-1,699,700,701,-1,702,703,692,-1,692,703,704,-1,692,704,654,-1,654,704,705,-1,654,705,684,-1,706,707,682,-1,682,707,708,-1,682,708,696,-1,696,708,709,-1,696,709,710,-1,711,712,713,-1,714,710,715,-1,715,710,716,-1,714,717,710,-1,710,717,718,-1,710,718,696,-1,696,718,719,-1,696,719,720,-1,588,676,590,-1,590,676,721,-1,590,721,683,-1,683,721,722,-1,683,722,681,-1,701,700,713,-1,713,700,723,-1,713,723,711,-1,706,724,707,-1,707,724,725,-1,707,725,726,-1,727,728,729,-1,720,730,696,-1,696,730,727,-1,696,727,731,-1,731,727,729,-1,732,733,734,-1,734,733,735,-1,734,735,716,-1,716,735,736,-1,716,736,715,-1,726,725,737,-1,737,725,738,-1,737,738,692,-1,692,738,739,-1,692,739,702,-1,294,538,740,-1,294,740,596,-1,596,740,741,-1,596,741,607,-1,607,741,742,-1,607,742,608,-1,608,742,743,-1,608,743,610,-1,610,743,744,-1,610,744,612,-1,612,744,745,-1,612,745,614,-1,614,745,746,-1,614,746,616,-1,747,748,618,-1,749,750,751,-1,751,750,752,-1,641,640,746,-1,746,640,753,-1,746,753,754,-1,755,756,616,-1,754,757,746,-1,746,757,758,-1,746,758,759,-1,760,746,761,-1,761,746,750,-1,762,763,616,-1,756,764,616,-1,616,764,765,-1,616,765,618,-1,618,765,766,-1,618,766,747,-1,767,768,769,-1,759,770,746,-1,746,770,771,-1,746,771,750,-1,750,771,772,-1,750,772,752,-1,751,773,749,-1,749,773,767,-1,749,767,774,-1,774,767,769,-1,763,775,776,-1,760,777,746,-1,746,777,778,-1,746,778,616,-1,616,778,779,-1,616,779,762,-1,780,678,677,-1,763,781,775,-1,775,781,780,-1,775,780,782,-1,782,780,677,-1,776,783,763,-1,763,783,784,-1,763,784,616,-1,616,784,785,-1,616,785,755,-1,663,646,665,-1,665,646,644,-1,665,644,667,-1,667,644,643,-1,667,643,669,-1,669,643,641,-1,669,641,786,-1,786,641,746,-1,786,746,787,-1,787,746,745,-1,787,745,788,-1,788,745,744,-1,788,744,789,-1,790,791,792,-1,792,791,793,-1,792,793,794,-1,794,793,795,-1,794,795,796,-1,796,795,687,-1,796,687,657,-1,657,687,654,-1,657,654,659,-1,659,654,652,-1,659,652,661,-1,661,652,650,-1,661,650,663,-1,663,650,648,-1,663,648,646,-1,797,798,799,-1,799,798,800,-1,799,800,801,-1,801,800,802,-1,801,802,803,-1,803,802,804,-1,803,804,805,-1,805,804,806,-1,805,806,807,-1,807,806,808,-1,807,808,809,-1,809,808,810,-1,809,810,790,-1,790,810,811,-1,790,811,791,-1,744,743,789,-1,789,743,742,-1,789,742,812,-1,812,742,741,-1,812,741,813,-1,813,741,740,-1,813,740,814,-1,814,740,538,-1,814,538,815,-1,815,538,573,-1,815,573,816,-1,816,573,817,-1,816,817,818,-1,818,817,819,-1,818,819,797,-1,797,819,820,-1,797,820,798,-1,821,822,574,-1,587,823,585,-1,585,823,824,-1,585,824,583,-1,583,824,825,-1,583,825,581,-1,581,825,826,-1,581,826,578,-1,578,826,827,-1,578,827,576,-1,576,827,828,-1,576,828,574,-1,574,828,829,-1,574,829,821,-1,830,831,832,-1,833,834,835,-1,835,834,836,-1,835,836,837,-1,838,796,839,-1,839,796,840,-1,841,657,842,-1,842,657,656,-1,840,796,843,-1,843,796,657,-1,843,657,836,-1,836,657,841,-1,836,841,837,-1,844,845,846,-1,846,845,832,-1,846,832,847,-1,847,832,831,-1,847,831,848,-1,848,831,849,-1,850,851,852,-1,852,851,853,-1,852,853,854,-1,835,855,833,-1,833,855,856,-1,833,856,857,-1,830,832,858,-1,858,832,859,-1,858,859,860,-1,861,862,854,-1,854,862,863,-1,854,863,852,-1,850,852,864,-1,864,852,865,-1,864,865,866,-1,860,867,858,-1,858,867,868,-1,858,868,854,-1,854,868,869,-1,854,869,861,-1,849,831,857,-1,857,831,870,-1,857,870,833,-1,823,587,871,-1,871,587,589,-1,871,589,872,-1,872,589,873,-1,872,873,844,-1,844,873,874,-1,844,874,845,-1,865,875,876,-1,876,877,865,-1,865,877,878,-1,865,878,866,-1,879,880,881,-1,853,882,854,-1,854,882,883,-1,854,883,884,-1,884,883,885,-1,884,885,886,-1,886,885,879,-1,886,879,887,-1,887,879,881,-1,888,593,594,-1,889,890,891,-1,892,893,815,-1,894,895,896,-1,896,895,897,-1,896,897,815,-1,815,897,898,-1,815,898,892,-1,899,900,901,-1,901,900,902,-1,901,902,903,-1,904,890,905,-1,905,890,906,-1,905,906,907,-1,908,909,814,-1,814,909,910,-1,814,910,594,-1,594,910,911,-1,594,911,888,-1,912,913,904,-1,904,913,914,-1,904,914,890,-1,890,914,915,-1,890,915,891,-1,815,916,814,-1,814,916,917,-1,917,918,814,-1,814,918,919,-1,814,919,908,-1,893,920,815,-1,815,920,921,-1,815,921,899,-1,889,891,922,-1,922,891,923,-1,922,923,924,-1,924,923,591,-1,924,591,925,-1,901,926,899,-1,899,926,927,-1,899,927,815,-1,815,927,928,-1,815,928,916,-1,903,929,901,-1,901,929,930,-1,901,930,931,-1,925,591,931,-1,931,591,592,-1,931,592,901,-1,615,786,613,-1,613,786,787,-1,613,787,611,-1,611,787,788,-1,611,788,609,-1,609,788,789,-1,609,789,597,-1,597,789,812,-1,597,812,595,-1,595,812,813,-1,595,813,594,-1,594,813,814,-1,932,933,786,-1,670,669,934,-1,934,669,786,-1,934,786,935,-1,936,615,937,-1,937,615,617,-1,937,617,938,-1,938,617,939,-1,940,941,942,-1,942,941,943,-1,944,945,786,-1,786,945,946,-1,786,946,935,-1,936,947,615,-1,615,947,948,-1,615,948,949,-1,942,786,950,-1,950,786,951,-1,949,952,615,-1,615,952,953,-1,615,953,786,-1,786,953,954,-1,786,954,932,-1,955,822,821,-1,956,957,958,-1,958,957,959,-1,958,959,940,-1,940,959,960,-1,940,960,941,-1,943,961,942,-1,942,961,962,-1,942,962,786,-1,786,962,963,-1,786,963,944,-1,821,964,955,-1,955,964,965,-1,955,965,933,-1,933,965,966,-1,933,966,967,-1,967,968,933,-1,933,968,969,-1,933,969,786,-1,786,969,970,-1,786,970,951,-1,849,857,725,-1,725,857,738,-1,668,639,666,-1,666,639,642,-1,666,642,664,-1,642,645,664,-1,664,645,647,-1,664,647,662,-1,662,647,649,-1,662,649,660,-1,660,649,651,-1,660,651,658,-1,658,651,653,-1,658,653,656,-1,656,653,655,-1,656,655,842,-1,842,655,684,-1,679,829,680,-1,680,829,828,-1,680,828,671,-1,671,828,827,-1,671,827,672,-1,672,827,826,-1,871,721,823,-1,823,721,676,-1,823,676,824,-1,824,676,675,-1,824,675,825,-1,825,675,674,-1,825,674,826,-1,826,674,673,-1,826,673,672,-1,958,774,956,-1,956,774,769,-1,956,769,971,-1,971,769,972,-1,971,972,973,-1,973,972,974,-1,973,974,975,-1,975,974,976,-1,975,976,977,-1,977,976,978,-1,977,978,979,-1,979,978,980,-1,979,980,981,-1,981,980,982,-1,981,982,983,-1,983,982,984,-1,983,984,985,-1,985,984,986,-1,985,986,987,-1,987,986,988,-1,987,988,989,-1,989,988,990,-1,989,990,991,-1,991,990,992,-1,991,992,993,-1,993,992,994,-1,993,994,995,-1,995,994,996,-1,995,996,997,-1,997,996,998,-1,767,959,768,-1,768,959,957,-1,768,957,999,-1,999,957,1000,-1,999,1000,1001,-1,1001,1000,1002,-1,1001,1002,1003,-1,1003,1002,1004,-1,1003,1004,1005,-1,1005,1004,1006,-1,1005,1006,1007,-1,1007,1006,1008,-1,1007,1008,1009,-1,1009,1008,1010,-1,1009,1010,1011,-1,1011,1010,1012,-1,1011,1012,1013,-1,1013,1012,1014,-1,1013,1014,1015,-1,1015,1014,1016,-1,1015,1016,1017,-1,1017,1016,1018,-1,1017,1018,1019,-1,1019,1018,1020,-1,1019,1020,1021,-1,1021,1020,1022,-1,1021,1022,1023,-1,1023,1022,1024,-1,1023,1024,1025,-1,1025,1024,1026,-1,996,1023,998,-1,998,1023,1025,-1,1027,1028,1029,-1,1025,1030,998,-1,998,1030,1031,-1,998,1031,1032,-1,1033,1034,1035,-1,1032,1031,1029,-1,1029,1031,1036,-1,1029,1036,1027,-1,1025,1037,1030,-1,1030,1037,1033,-1,1030,1033,1038,-1,1038,1033,1035,-1,1031,1030,1039,-1,1039,1030,1040,-1,1024,995,1026,-1,1026,995,997,-1,1041,1042,1043,-1,997,1039,1026,-1,1026,1039,1040,-1,1026,1040,1044,-1,1045,1046,1047,-1,997,1048,1039,-1,1039,1048,1041,-1,1039,1041,1049,-1,1049,1041,1043,-1,1044,1040,1047,-1,1047,1040,1050,-1,1047,1050,1045,-1,995,1024,993,-1,993,1024,1022,-1,993,1022,991,-1,991,1022,1020,-1,991,1020,989,-1,989,1020,1018,-1,989,1018,987,-1,987,1018,1016,-1,987,1016,985,-1,985,1016,1014,-1,985,1014,983,-1,983,1014,1012,-1,981,983,1010,-1,1010,983,1012,-1,981,1010,1008,-1,981,1008,979,-1,979,1008,1006,-1,979,1006,977,-1,977,1006,1004,-1,977,1004,975,-1,975,1004,1002,-1,975,1002,973,-1,973,1002,1000,-1,973,1000,971,-1,971,1000,957,-1,971,957,956,-1,769,768,972,-1,972,768,999,-1,972,999,974,-1,974,999,1001,-1,974,1001,976,-1,976,1001,1003,-1,976,1003,978,-1,978,1003,1005,-1,978,1005,980,-1,980,1005,1007,-1,980,1007,982,-1,982,1007,1009,-1,984,982,1011,-1,1011,982,1009,-1,984,1011,1013,-1,984,1013,986,-1,986,1013,1015,-1,986,1015,988,-1,988,1015,1017,-1,988,1017,990,-1,990,1017,1019,-1,990,1019,992,-1,992,1019,1021,-1,992,1021,994,-1,994,1021,1023,-1,994,1023,996,-1,879,735,880,-1,880,735,733,-1,880,733,1051,-1,1051,733,1052,-1,1051,1052,1053,-1,1053,1052,1054,-1,1053,1054,1055,-1,1056,1057,1058,-1,1058,1057,1059,-1,1058,1059,1060,-1,1060,1059,1061,-1,1060,1061,1062,-1,1062,1061,1055,-1,1062,1055,1063,-1,1063,1055,1054,-1,1064,1065,1066,-1,1066,1065,1067,-1,1066,1067,1068,-1,1068,1067,1069,-1,1068,1069,1070,-1,1070,1069,1071,-1,1070,1071,1072,-1,1072,1071,1073,-1,747,938,748,-1,748,938,939,-1,748,939,1074,-1,1074,939,1075,-1,1074,1075,1076,-1,1076,1075,1077,-1,1076,1077,1078,-1,1078,1077,1079,-1,1078,1079,1080,-1,1080,1079,1081,-1,1080,1081,1082,-1,1082,1081,1083,-1,1082,1083,1084,-1,1084,1083,1085,-1,1084,1085,1086,-1,1086,1085,1087,-1,1086,1087,1088,-1,1088,1087,1089,-1,1088,1089,1090,-1,1090,1089,1091,-1,1090,1091,1073,-1,1073,1091,1092,-1,1073,1092,1072,-1,1084,630,1082,-1,1082,630,628,-1,1082,628,1080,-1,1080,628,626,-1,1080,626,1078,-1,1078,626,624,-1,1078,624,1076,-1,1076,624,622,-1,1076,622,1074,-1,1074,622,620,-1,1074,620,748,-1,748,620,618,-1,939,617,619,-1,939,619,1075,-1,1075,619,621,-1,1075,621,1077,-1,1077,621,623,-1,1077,623,1079,-1,1079,623,625,-1,1079,625,1081,-1,1081,625,627,-1,1081,627,1083,-1,1083,627,629,-1,1083,629,1085,-1,1087,1085,631,-1,631,1085,629,-1,1087,631,1089,-1,1089,631,633,-1,1089,633,1091,-1,1091,633,635,-1,1091,635,1092,-1,1092,635,637,-1,1092,637,1072,-1,1072,637,638,-1,1072,638,1070,-1,1070,638,605,-1,1070,605,1068,-1,1068,605,603,-1,1068,603,1066,-1,1066,603,601,-1,1093,1094,599,-1,1095,1064,1096,-1,1096,1064,1066,-1,1096,1066,1094,-1,1094,1066,601,-1,1094,601,599,-1,1097,1098,1099,-1,1100,1101,1102,-1,1100,1102,1096,-1,1096,1102,1103,-1,1096,1103,1095,-1,1093,599,1099,-1,1099,599,1104,-1,1099,1104,1097,-1,1105,1106,1094,-1,1094,1106,1096,-1,1067,1065,1106,-1,1106,1065,1107,-1,1107,1108,1106,-1,1106,1108,1109,-1,1106,1109,1110,-1,1110,1109,1111,-1,1067,1106,600,-1,600,1106,1105,-1,600,1105,598,-1,598,1105,1112,-1,598,1112,1113,-1,1114,1115,1113,-1,1113,1115,1116,-1,1113,1116,598,-1,1067,600,602,-1,1067,602,1069,-1,1069,602,604,-1,1069,604,1071,-1,1071,604,606,-1,1071,606,1073,-1,1073,606,636,-1,1073,636,1090,-1,1090,636,634,-1,1090,634,1088,-1,1088,634,632,-1,1088,632,1086,-1,1084,1086,630,-1,630,1086,632,-1,599,598,1116,-1,599,1116,1104,-1,1104,1116,1115,-1,1104,1115,1097,-1,1097,1115,1114,-1,1097,1114,1098,-1,1098,1114,1113,-1,1098,1113,1099,-1,1099,1113,1112,-1,1099,1112,1093,-1,1093,1112,1105,-1,1093,1105,1094,-1,1065,1064,1095,-1,1065,1095,1107,-1,1107,1095,1103,-1,1107,1103,1108,-1,1108,1103,1102,-1,1108,1102,1109,-1,1109,1102,1101,-1,1109,1101,1111,-1,1111,1101,1100,-1,1111,1100,1110,-1,1110,1100,1096,-1,1110,1096,1106,-1,575,574,677,-1,677,574,822,-1,677,822,782,-1,782,822,955,-1,782,955,775,-1,775,955,933,-1,775,933,776,-1,776,933,932,-1,776,932,783,-1,783,932,954,-1,783,954,784,-1,784,954,953,-1,784,953,785,-1,785,953,952,-1,938,747,937,-1,937,747,766,-1,937,766,936,-1,936,766,765,-1,936,765,947,-1,947,765,764,-1,947,764,948,-1,948,764,756,-1,948,756,949,-1,949,756,755,-1,949,755,952,-1,952,755,785,-1,997,998,1032,-1,997,1032,1048,-1,1048,1032,1029,-1,1048,1029,1041,-1,1041,1029,1028,-1,1041,1028,1042,-1,1042,1028,1027,-1,1042,1027,1043,-1,1043,1027,1036,-1,1043,1036,1049,-1,1049,1036,1031,-1,1049,1031,1039,-1,1025,1026,1044,-1,1025,1044,1037,-1,1037,1044,1047,-1,1037,1047,1033,-1,1033,1047,1046,-1,1033,1046,1034,-1,1034,1046,1045,-1,1034,1045,1035,-1,1035,1045,1050,-1,1035,1050,1038,-1,1038,1050,1040,-1,1038,1040,1030,-1,774,958,749,-1,749,958,940,-1,749,940,750,-1,750,940,942,-1,750,942,761,-1,761,942,950,-1,761,950,760,-1,760,950,951,-1,760,951,777,-1,777,951,970,-1,777,970,778,-1,778,970,969,-1,778,969,779,-1,779,969,968,-1,779,968,762,-1,762,968,967,-1,762,967,763,-1,763,967,966,-1,763,966,781,-1,781,966,965,-1,781,965,780,-1,780,965,964,-1,780,964,678,-1,678,964,821,-1,678,821,679,-1,679,821,829,-1,963,770,944,-1,944,770,759,-1,944,759,945,-1,945,759,758,-1,945,758,946,-1,946,758,757,-1,946,757,935,-1,935,757,754,-1,935,754,934,-1,934,754,753,-1,934,753,670,-1,670,753,640,-1,670,640,668,-1,668,640,639,-1,959,767,960,-1,960,767,773,-1,960,773,941,-1,941,773,751,-1,941,751,943,-1,943,751,752,-1,943,752,961,-1,961,752,772,-1,961,772,962,-1,962,772,771,-1,962,771,963,-1,963,771,770,-1,721,871,722,-1,722,871,872,-1,722,872,681,-1,681,872,844,-1,681,844,682,-1,682,844,846,-1,682,846,706,-1,706,846,847,-1,706,847,724,-1,724,847,848,-1,724,848,725,-1,725,848,849,-1,842,684,841,-1,841,684,705,-1,841,705,837,-1,837,705,704,-1,837,704,835,-1,835,704,703,-1,835,703,855,-1,855,703,702,-1,855,702,856,-1,856,702,739,-1,856,739,857,-1,857,739,738,-1,296,295,888,-1,888,295,593,-1,281,292,917,-1,917,292,918,-1,1117,1118,1119,-1,1119,1118,1120,-1,1119,1120,1121,-1,1121,1120,1122,-1,1121,1122,905,-1,905,1122,308,-1,905,308,904,-1,904,308,261,-1,904,261,1123,-1,1123,261,1124,-1,1123,1124,1125,-1,1125,1124,1126,-1,1125,1126,1127,-1,1127,1126,1128,-1,1125,1127,1129,-1,1129,1127,1130,-1,1125,1129,1131,-1,1131,1129,1132,-1,1131,1132,1133,-1,1130,1134,1129,-1,1129,1134,1135,-1,1129,1135,1136,-1,1136,1135,1137,-1,1138,1139,1140,-1,1132,1141,1133,-1,1133,1141,1138,-1,1133,1138,1142,-1,1142,1138,1140,-1,1143,1144,1129,-1,1129,1144,1132,-1,1126,1145,1128,-1,1128,1145,1146,-1,1147,1144,1148,-1,1148,1144,1146,-1,1146,1144,1128,-1,1128,1144,1143,-1,1128,1143,1149,-1,1150,1151,1147,-1,1147,1151,1152,-1,1147,1152,1144,-1,1153,1154,1155,-1,1153,1155,1143,-1,1143,1155,1156,-1,1143,1156,1149,-1,1126,1124,1145,-1,1145,1124,1157,-1,1157,1124,1158,-1,1158,1124,261,-1,1158,261,260,-1,1125,1131,1123,-1,1123,1131,1159,-1,1123,1159,904,-1,904,1159,1160,-1,904,1160,912,-1,1133,1146,1131,-1,1131,1146,1145,-1,1131,1145,1159,-1,1159,1145,1157,-1,1159,1157,1160,-1,1160,1157,1158,-1,1143,1129,1136,-1,1143,1136,1153,-1,1153,1136,1137,-1,1153,1137,1154,-1,1154,1137,1135,-1,1154,1135,1155,-1,1155,1135,1134,-1,1155,1134,1156,-1,1156,1134,1130,-1,1156,1130,1149,-1,1149,1130,1127,-1,1149,1127,1128,-1,1132,1144,1152,-1,1132,1152,1141,-1,1141,1152,1151,-1,1141,1151,1138,-1,1138,1151,1150,-1,1138,1150,1139,-1,1139,1150,1147,-1,1139,1147,1140,-1,1140,1147,1148,-1,1140,1148,1142,-1,1142,1148,1146,-1,1142,1146,1133,-1,1160,1158,912,-1,912,1158,260,-1,912,260,913,-1,913,260,1161,-1,913,1161,914,-1,914,1161,1162,-1,914,1162,915,-1,915,1162,1163,-1,915,1163,891,-1,891,1163,1164,-1,891,1164,923,-1,923,1164,1165,-1,923,1165,591,-1,591,1165,271,-1,592,270,901,-1,901,270,269,-1,901,269,926,-1,926,269,280,-1,926,280,927,-1,927,280,276,-1,927,276,928,-1,928,276,283,-1,928,283,916,-1,916,283,282,-1,916,282,917,-1,917,282,281,-1,296,888,12,-1,12,888,911,-1,12,911,287,-1,287,911,910,-1,287,910,288,-1,288,910,909,-1,288,909,289,-1,289,909,908,-1,289,908,293,-1,293,908,919,-1,293,919,292,-1,292,919,918,-1,316,315,931,-1,931,315,925,-1,297,894,298,-1,298,894,896,-1,298,896,1166,-1,1166,896,1167,-1,1166,1167,1168,-1,1168,1167,1169,-1,1168,1169,1170,-1,1170,1169,1171,-1,1170,1171,1172,-1,1172,1171,1173,-1,1174,1175,1176,-1,1176,1175,1177,-1,1176,1177,1178,-1,1178,1177,1179,-1,1178,1179,1180,-1,1180,1179,1181,-1,1180,1181,1182,-1,1182,1181,1183,-1,1182,1183,1184,-1,1184,1183,1185,-1,1185,1183,1186,-1,1185,1186,1187,-1,1187,1186,1188,-1,1187,1188,1189,-1,1189,1188,1190,-1,1189,1190,1191,-1,1191,1190,1192,-1,1191,1192,1193,-1,1193,1192,1194,-1,1193,1194,1195,-1,1195,1194,1196,-1,1195,1196,1197,-1,1197,1196,1198,-1,1197,1198,1199,-1,1199,1198,1200,-1,1199,1200,1201,-1,1201,1200,1202,-1,1201,1202,1203,-1,1203,1202,1204,-1,1203,1204,1205,-1,1205,1204,1206,-1,1205,1206,1207,-1,1207,1206,1208,-1,1207,1208,1173,-1,1173,1208,1209,-1,1173,1209,1172,-1,806,1210,1211,-1,806,1211,808,-1,1211,1212,808,-1,808,1212,1213,-1,808,1213,810,-1,810,1213,1214,-1,810,1214,811,-1,811,1214,1215,-1,811,1215,791,-1,791,1215,1216,-1,791,1216,793,-1,793,1216,1217,-1,793,1217,795,-1,795,1217,689,-1,795,689,687,-1,796,838,794,-1,794,838,1218,-1,794,1218,792,-1,792,1218,1219,-1,792,1219,790,-1,790,1219,1220,-1,790,1220,809,-1,809,1220,1221,-1,809,1221,807,-1,807,1221,1222,-1,807,1222,805,-1,805,1222,1223,-1,805,1223,1224,-1,1225,1226,1227,-1,1227,1226,1056,-1,1227,1056,1228,-1,1056,1058,1228,-1,1228,1058,1060,-1,1228,1060,1229,-1,1229,1060,1062,-1,1229,1062,1230,-1,1230,1062,1063,-1,1230,1063,1231,-1,1231,1063,1054,-1,1231,1054,1232,-1,1232,1054,1052,-1,1232,1052,1233,-1,1233,1052,733,-1,1233,733,732,-1,1206,804,802,-1,1206,802,1208,-1,1208,802,800,-1,1208,800,1209,-1,1209,800,798,-1,1209,798,1172,-1,1172,798,820,-1,1172,820,1170,-1,1170,820,819,-1,1170,819,1168,-1,1168,819,817,-1,1168,817,1166,-1,1166,817,573,-1,1166,573,298,-1,1234,1235,1236,-1,1206,1237,1238,-1,1210,806,1239,-1,1239,806,804,-1,1239,804,1240,-1,1206,1236,1241,-1,1242,1243,804,-1,804,1243,1244,-1,804,1244,1240,-1,1245,1246,1237,-1,1237,1246,1247,-1,1237,1247,1248,-1,1249,1206,1250,-1,1250,1206,1204,-1,1250,1204,1251,-1,1251,1204,1252,-1,1238,1253,1206,-1,1206,1253,1254,-1,1206,1254,804,-1,804,1254,1255,-1,804,1255,1242,-1,1226,1225,1256,-1,1256,1225,1257,-1,1256,1257,1235,-1,1235,1257,1258,-1,1235,1258,1236,-1,1241,1259,1206,-1,1206,1259,1260,-1,1206,1260,1237,-1,1237,1260,1261,-1,1237,1261,1245,-1,1249,1262,1206,-1,1206,1262,1263,-1,1206,1263,1264,-1,1264,1265,1206,-1,1206,1265,1266,-1,1206,1266,1236,-1,1236,1266,1267,-1,1236,1267,1234,-1,1268,1269,1270,-1,1270,1269,1271,-1,1270,1271,1248,-1,1248,1271,1272,-1,1248,1272,1237,-1,1273,1274,1057,-1,1057,1274,1275,-1,1057,1275,1059,-1,1059,1275,1276,-1,1059,1276,1061,-1,1061,1276,1277,-1,1061,1277,1055,-1,1055,1277,1278,-1,1055,1278,1053,-1,1053,1278,1279,-1,1053,1279,1051,-1,1051,1279,1280,-1,1051,1280,880,-1,880,1280,881,-1,896,815,1167,-1,1167,815,816,-1,1167,816,1169,-1,1169,816,818,-1,1169,818,1171,-1,1171,818,797,-1,1171,797,1173,-1,1173,797,799,-1,1173,799,1207,-1,1207,799,801,-1,1207,801,1205,-1,1205,801,803,-1,1281,1282,1203,-1,1283,1284,1205,-1,1285,1286,1205,-1,805,1224,803,-1,803,1224,1287,-1,803,1287,1288,-1,1288,1289,803,-1,803,1289,1290,-1,803,1290,1291,-1,1292,1293,1284,-1,1284,1293,1294,-1,1284,1294,1295,-1,1291,1296,803,-1,803,1296,1297,-1,803,1297,1205,-1,1205,1297,1298,-1,1205,1298,1283,-1,1299,1300,1205,-1,1295,1301,1284,-1,1284,1301,1302,-1,1284,1302,1205,-1,1205,1302,1303,-1,1205,1303,1285,-1,1274,1273,1304,-1,1304,1273,1305,-1,1304,1305,1306,-1,1306,1305,1307,-1,1306,1307,1286,-1,1286,1307,1308,-1,1300,1309,1205,-1,1205,1309,1310,-1,1205,1310,1203,-1,1203,1310,1311,-1,1203,1311,1281,-1,1312,1313,1314,-1,1284,1315,1292,-1,1292,1315,1312,-1,1292,1312,1316,-1,1316,1312,1314,-1,1308,1317,1286,-1,1286,1317,1318,-1,1286,1318,1205,-1,1205,1318,1319,-1,1205,1319,1299,-1,870,831,737,-1,737,831,726,-1,839,688,838,-1,838,688,689,-1,838,689,1218,-1,1218,689,1217,-1,1218,1217,1219,-1,1219,1217,1216,-1,1219,1216,1220,-1,1211,1223,1212,-1,1212,1223,1222,-1,1212,1222,1213,-1,1213,1222,1221,-1,1213,1221,1214,-1,1214,1221,1220,-1,1214,1220,1215,-1,1215,1220,1216,-1,734,887,732,-1,732,887,881,-1,732,881,1233,-1,1233,881,1280,-1,1233,1280,1232,-1,1232,1280,1279,-1,1232,1279,1231,-1,1231,1279,1278,-1,1231,1278,1230,-1,1230,1278,1277,-1,1275,1227,1276,-1,1276,1227,1228,-1,1276,1228,1277,-1,1277,1228,1229,-1,1277,1229,1230,-1,1270,1316,1268,-1,1268,1316,1314,-1,1268,1314,1320,-1,1320,1314,1321,-1,1320,1321,1322,-1,1322,1321,1323,-1,1322,1323,1324,-1,1324,1323,1325,-1,1324,1325,1326,-1,1326,1325,1327,-1,1326,1327,1328,-1,1328,1327,1329,-1,1328,1329,1330,-1,1330,1329,1331,-1,1330,1331,1332,-1,1332,1331,1333,-1,1332,1333,1334,-1,1334,1333,1335,-1,1334,1335,1336,-1,1336,1335,1337,-1,1336,1337,1338,-1,1338,1337,1339,-1,1338,1339,1340,-1,1340,1339,1341,-1,1340,1341,1342,-1,1342,1341,1343,-1,1342,1343,1344,-1,1344,1343,1345,-1,1344,1345,1346,-1,1346,1345,1347,-1,1312,1271,1313,-1,1313,1271,1269,-1,1313,1269,1348,-1,1348,1269,1349,-1,1348,1349,1350,-1,1350,1349,1351,-1,1350,1351,1352,-1,1352,1351,1353,-1,1352,1353,1354,-1,1354,1353,1355,-1,1354,1355,1356,-1,1356,1355,1357,-1,1356,1357,1358,-1,1358,1357,1359,-1,1358,1359,1360,-1,1360,1359,1361,-1,1360,1361,1362,-1,1362,1361,1363,-1,1362,1363,1364,-1,1364,1363,1365,-1,1364,1365,1366,-1,1366,1365,1367,-1,1366,1367,1368,-1,1368,1367,1369,-1,1368,1369,1370,-1,1370,1369,1371,-1,1370,1371,1372,-1,1372,1371,1373,-1,1372,1373,1374,-1,1374,1373,1375,-1,1373,1344,1375,-1,1375,1344,1346,-1,1376,1377,1346,-1,1346,1377,1378,-1,1346,1378,1379,-1,1380,1381,1382,-1,1382,1381,1383,-1,1382,1383,1384,-1,1379,1385,1346,-1,1346,1385,1386,-1,1346,1386,1375,-1,1375,1386,1381,-1,1375,1381,1387,-1,1387,1381,1380,-1,1381,1386,1388,-1,1388,1386,1389,-1,1388,1389,1347,-1,1347,1389,1390,-1,1347,1390,1391,-1,1392,1393,1394,-1,1394,1393,1388,-1,1394,1388,1395,-1,1391,1396,1347,-1,1347,1396,1397,-1,1347,1397,1398,-1,1345,1372,1347,-1,1347,1372,1374,-1,1347,1374,1388,-1,1388,1374,1399,-1,1388,1399,1395,-1,1333,1360,1335,-1,1335,1360,1362,-1,1335,1362,1337,-1,1337,1362,1364,-1,1337,1364,1339,-1,1339,1364,1366,-1,1339,1366,1341,-1,1341,1366,1368,-1,1341,1368,1343,-1,1343,1368,1370,-1,1343,1370,1345,-1,1345,1370,1372,-1,1333,1331,1360,-1,1360,1331,1358,-1,1314,1313,1348,-1,1314,1348,1321,-1,1321,1348,1350,-1,1321,1350,1323,-1,1323,1350,1352,-1,1323,1352,1325,-1,1325,1352,1354,-1,1325,1354,1327,-1,1327,1354,1356,-1,1327,1356,1329,-1,1329,1356,1358,-1,1329,1358,1331,-1,1330,1359,1328,-1,1328,1359,1357,-1,1328,1357,1326,-1,1326,1357,1355,-1,1326,1355,1324,-1,1324,1355,1353,-1,1324,1353,1322,-1,1322,1353,1351,-1,1322,1351,1320,-1,1320,1351,1349,-1,1320,1349,1268,-1,1268,1349,1269,-1,1330,1332,1359,-1,1359,1332,1361,-1,1344,1373,1371,-1,1344,1371,1342,-1,1342,1371,1369,-1,1342,1369,1340,-1,1340,1369,1367,-1,1340,1367,1338,-1,1338,1367,1365,-1,1338,1365,1336,-1,1336,1365,1363,-1,1336,1363,1334,-1,1334,1363,1361,-1,1334,1361,1332,-1,1400,1401,1402,-1,1402,1401,1403,-1,1402,1403,1404,-1,1404,1403,1405,-1,1404,1405,1406,-1,1406,1405,1407,-1,1406,1407,1408,-1,1281,1251,1282,-1,1282,1251,1252,-1,1282,1252,1409,-1,1409,1252,1410,-1,1409,1410,1411,-1,1411,1410,1412,-1,1411,1412,1413,-1,1413,1412,1414,-1,1413,1414,1415,-1,1415,1414,1416,-1,1415,1416,1417,-1,1417,1416,1418,-1,1417,1418,1419,-1,1419,1418,1420,-1,1419,1420,1421,-1,1421,1420,1422,-1,1421,1422,1423,-1,1423,1422,1424,-1,1423,1424,1425,-1,1425,1424,1426,-1,1425,1426,1427,-1,1427,1426,1408,-1,1427,1408,1428,-1,1428,1408,1407,-1,1252,1204,1410,-1,1410,1204,1202,-1,1410,1202,1412,-1,1412,1202,1200,-1,1412,1200,1414,-1,1414,1200,1198,-1,1414,1198,1416,-1,1416,1198,1196,-1,1416,1196,1418,-1,1418,1196,1194,-1,1418,1194,1420,-1,1420,1194,1192,-1,1419,1191,1193,-1,1419,1193,1417,-1,1417,1193,1195,-1,1417,1195,1415,-1,1415,1195,1197,-1,1415,1197,1413,-1,1413,1197,1199,-1,1413,1199,1411,-1,1411,1199,1201,-1,1411,1201,1409,-1,1409,1201,1203,-1,1409,1203,1282,-1,1419,1421,1191,-1,1191,1421,1189,-1,1403,1176,1405,-1,1405,1176,1178,-1,1405,1178,1407,-1,1407,1178,1180,-1,1407,1180,1428,-1,1428,1180,1182,-1,1428,1182,1427,-1,1427,1182,1184,-1,1427,1184,1425,-1,1425,1184,1185,-1,1425,1185,1423,-1,1423,1185,1187,-1,1423,1187,1421,-1,1421,1187,1189,-1,1403,1401,1429,-1,1429,1401,1430,-1,1430,1431,1429,-1,1429,1431,1432,-1,1429,1432,1433,-1,1433,1432,1434,-1,1403,1429,1176,-1,1176,1429,1435,-1,1176,1435,1174,-1,1174,1435,1436,-1,1174,1436,1437,-1,1438,1439,1437,-1,1437,1439,1440,-1,1437,1440,1174,-1,1441,1442,1429,-1,1429,1442,1435,-1,1443,1442,1175,-1,1444,1400,1441,-1,1441,1400,1402,-1,1441,1402,1442,-1,1442,1402,1177,-1,1442,1177,1175,-1,1445,1446,1447,-1,1448,1449,1450,-1,1448,1450,1441,-1,1441,1450,1451,-1,1441,1451,1444,-1,1443,1175,1447,-1,1447,1175,1452,-1,1447,1452,1445,-1,1422,1190,1188,-1,1422,1188,1424,-1,1424,1188,1186,-1,1424,1186,1426,-1,1426,1186,1183,-1,1426,1183,1408,-1,1408,1183,1181,-1,1408,1181,1406,-1,1406,1181,1179,-1,1406,1179,1404,-1,1404,1179,1177,-1,1404,1177,1402,-1,1422,1420,1190,-1,1190,1420,1192,-1,1435,1442,1443,-1,1435,1443,1436,-1,1436,1443,1447,-1,1436,1447,1437,-1,1437,1447,1446,-1,1437,1446,1438,-1,1438,1446,1445,-1,1438,1445,1439,-1,1439,1445,1452,-1,1439,1452,1440,-1,1440,1452,1175,-1,1440,1175,1174,-1,1441,1429,1433,-1,1441,1433,1448,-1,1448,1433,1434,-1,1448,1434,1449,-1,1449,1434,1432,-1,1449,1432,1450,-1,1450,1432,1431,-1,1450,1431,1451,-1,1451,1431,1430,-1,1451,1430,1444,-1,1444,1430,1401,-1,1444,1401,1400,-1,1265,1319,1266,-1,1266,1319,1318,-1,1266,1318,1267,-1,1267,1318,1317,-1,1267,1317,1234,-1,1234,1317,1308,-1,1234,1308,1235,-1,1235,1308,1307,-1,1235,1307,1256,-1,1256,1307,1305,-1,1256,1305,1226,-1,1226,1305,1273,-1,1226,1273,1056,-1,1056,1273,1057,-1,1319,1265,1299,-1,1299,1265,1264,-1,1299,1264,1300,-1,1300,1264,1263,-1,1300,1263,1309,-1,1309,1263,1262,-1,1309,1262,1310,-1,1310,1262,1249,-1,1310,1249,1311,-1,1311,1249,1250,-1,1311,1250,1281,-1,1281,1250,1251,-1,1389,1386,1385,-1,1389,1385,1390,-1,1390,1385,1379,-1,1390,1379,1391,-1,1391,1379,1378,-1,1391,1378,1396,-1,1396,1378,1377,-1,1396,1377,1397,-1,1397,1377,1376,-1,1397,1376,1398,-1,1398,1376,1346,-1,1398,1346,1347,-1,1381,1388,1393,-1,1381,1393,1383,-1,1383,1393,1392,-1,1383,1392,1384,-1,1384,1392,1394,-1,1384,1394,1382,-1,1382,1394,1395,-1,1382,1395,1380,-1,1380,1395,1399,-1,1380,1399,1387,-1,1387,1399,1374,-1,1387,1374,1375,-1,1260,1302,1261,-1,1261,1302,1301,-1,1261,1301,1245,-1,1245,1301,1295,-1,1245,1295,1246,-1,1246,1295,1294,-1,1246,1294,1247,-1,1247,1294,1293,-1,1247,1293,1248,-1,1248,1293,1292,-1,1248,1292,1270,-1,1270,1292,1316,-1,1227,1275,1225,-1,1225,1275,1274,-1,1225,1274,1257,-1,1257,1274,1304,-1,1257,1304,1258,-1,1258,1304,1306,-1,1258,1306,1236,-1,1236,1306,1286,-1,1236,1286,1241,-1,1241,1286,1285,-1,1241,1285,1259,-1,1259,1285,1303,-1,1259,1303,1260,-1,1260,1303,1302,-1,1255,1296,1242,-1,1242,1296,1291,-1,1242,1291,1243,-1,1243,1291,1290,-1,1243,1290,1244,-1,1244,1290,1289,-1,1244,1289,1240,-1,1240,1289,1288,-1,1240,1288,1239,-1,1239,1288,1287,-1,1239,1287,1210,-1,1210,1287,1224,-1,1210,1224,1211,-1,1211,1224,1223,-1,1296,1255,1297,-1,1297,1255,1254,-1,1297,1254,1298,-1,1298,1254,1253,-1,1298,1253,1283,-1,1283,1253,1238,-1,1283,1238,1284,-1,1284,1238,1237,-1,1284,1237,1315,-1,1315,1237,1272,-1,1315,1272,1312,-1,1312,1272,1271,-1,726,831,707,-1,707,831,830,-1,707,830,708,-1,708,830,858,-1,708,858,709,-1,709,858,854,-1,709,854,710,-1,710,854,884,-1,710,884,716,-1,716,884,886,-1,716,886,734,-1,734,886,887,-1,870,737,833,-1,833,737,692,-1,833,692,834,-1,834,692,691,-1,834,691,836,-1,836,691,690,-1,836,690,843,-1,843,690,685,-1,843,685,840,-1,840,685,686,-1,840,686,839,-1,839,686,688,-1,297,299,894,-1,894,299,895,-1,40,43,921,-1,921,43,899,-1,1453,1117,1454,-1,1454,1117,1119,-1,1454,1119,1455,-1,1455,1119,1456,-1,1455,1456,1457,-1,1458,1459,1460,-1,1457,1461,1455,-1,1455,1461,1458,-1,1455,1458,1462,-1,1462,1458,1460,-1,1463,1464,1465,-1,1463,1465,1454,-1,1454,1465,1466,-1,1454,1466,1453,-1,1467,1468,1455,-1,1455,1468,1454,-1,1469,1470,1471,-1,1471,1470,1472,-1,1471,1472,1473,-1,1120,1118,1468,-1,1468,1118,1474,-1,1120,1468,1475,-1,1475,1468,1467,-1,1475,1467,1472,-1,1472,1467,1476,-1,1472,1476,1473,-1,1474,1477,1468,-1,1468,1477,1478,-1,1468,1478,1479,-1,1479,1478,1480,-1,1481,309,308,-1,1481,308,1482,-1,308,1122,1482,-1,1482,1122,1120,-1,1482,1120,1475,-1,1456,1119,1483,-1,1483,1119,1121,-1,1483,1121,1484,-1,1484,1121,905,-1,1484,905,907,-1,1484,1481,1483,-1,1483,1481,1482,-1,1483,1482,1456,-1,1456,1482,1475,-1,1456,1475,1457,-1,1457,1475,1472,-1,1118,1117,1453,-1,1118,1453,1474,-1,1474,1453,1466,-1,1474,1466,1477,-1,1477,1466,1465,-1,1477,1465,1478,-1,1478,1465,1464,-1,1478,1464,1480,-1,1480,1464,1463,-1,1480,1463,1479,-1,1479,1463,1454,-1,1479,1454,1468,-1,1457,1472,1470,-1,1457,1470,1461,-1,1461,1470,1469,-1,1461,1469,1458,-1,1458,1469,1471,-1,1458,1471,1459,-1,1459,1471,1473,-1,1459,1473,1460,-1,1460,1473,1476,-1,1460,1476,1462,-1,1462,1476,1467,-1,1462,1467,1455,-1,925,315,924,-1,924,315,1485,-1,924,1485,922,-1,922,1485,1486,-1,922,1486,889,-1,889,1486,1487,-1,889,1487,890,-1,890,1487,1488,-1,890,1488,906,-1,906,1488,1489,-1,906,1489,907,-1,907,1489,309,-1,907,309,1484,-1,1484,309,1481,-1,899,43,900,-1,900,43,38,-1,900,38,902,-1,902,38,37,-1,902,37,903,-1,903,37,36,-1,903,36,929,-1,929,36,35,-1,929,35,930,-1,930,35,9,-1,930,9,931,-1,931,9,316,-1,40,921,21,-1,21,921,920,-1,21,920,302,-1,302,920,893,-1,302,893,304,-1,304,893,892,-1,304,892,305,-1,305,892,898,-1,305,898,301,-1,301,898,897,-1,301,897,299,-1,299,897,895,-1,867,860,699,-1,699,860,694,-1,700,696,852,-1,852,696,865,-1,720,719,864,-1,864,719,850,-1,867,699,701,-1,867,701,868,-1,868,701,713,-1,868,713,869,-1,869,713,712,-1,869,712,861,-1,861,712,711,-1,861,711,862,-1,862,711,723,-1,862,723,863,-1,863,723,700,-1,863,700,852,-1,865,696,731,-1,865,731,875,-1,875,731,729,-1,875,729,876,-1,876,729,728,-1,876,728,877,-1,877,728,727,-1,877,727,878,-1,878,727,730,-1,878,730,866,-1,866,730,720,-1,866,720,864,-1,850,719,851,-1,851,719,718,-1,851,718,853,-1,853,718,717,-1,853,717,882,-1,882,717,714,-1,882,714,883,-1,883,714,715,-1,883,715,885,-1,885,715,736,-1,885,736,879,-1,879,736,735,-1,589,590,873,-1,873,590,683,-1,873,683,874,-1,874,683,693,-1,874,693,845,-1,845,693,698,-1,845,698,832,-1,832,698,697,-1,832,697,859,-1,859,697,695,-1,859,695,860,-1,860,695,694,-1,
        ]
    }
}
Shape{
    appearance Appearance {
        material  Material 	{
            diffuseColor 0.0 0.0 0.0
            specularColor 0.0 0.0 0.0
            ambientIntensity 0.2
            transparency 0
            shininess 0.5
        }
    }
    geometry IndexedFaceSet {
        ccw TRUE
        solid FALSE
        coord DEF co Coordinate {
            point [
                0.0542 0.4724 0.6224, 0.0542 0.4633 0.6224, 0.0542 0.4724 0.622, 0.0542 0.4633 0.622, 0.0223 0.4724 0.6224, 0.0223 0.4724 0.622, 0.0223 0.5434 0.6224, 0.0223 0.5434 0.622, 0.012 0.5434 0.6224, 0.012 0.5434 0.622, 0.012 0.4633 0.6224, 0.012 0.4633 0.622, 0.0952 0.462 0.6224, 0.0952 0.462 0.622, 0.1074 0.4631 0.622, 0.1074 0.4631 0.6224, 0.116 0.4659 0.622, 0.116 0.4659 0.6224, 0.1174 0.4666 0.622, 0.1174 0.4666 0.6224, 0.1174 0.4765 0.6224, 0.1174 0.4765 0.622, 0.1107 0.4734 0.622, 0.1107 0.4734 0.6224, 0.1019 0.4714 0.622, 0.1019 0.4714 0.6224, 0.0967 0.4712 0.622, 0.0967 0.4712 0.6224, 0.0894 0.472 0.622, 0.0894 0.472 0.6224, 0.0836 0.474 0.622, 0.0836 0.474 0.6224, 0.0782 0.4776 0.622, 0.0782 0.4776 0.6224, 0.0762 0.4796 0.622, 0.0762 0.4796 0.6224, 0.0723 0.4848 0.622, 0.0723 0.4848 0.6224, 0.0697 0.4913 0.622, 0.0697 0.4913 0.6224, 0.0684 0.4992 0.622, 0.0684 0.4992 0.6224, 0.0683 0.5024 0.622, 0.0683 0.5024 0.6224, 0.0696 0.5134 0.622, 0.0696 0.5134 0.6224, 0.0723 0.5203 0.622, 0.0723 0.5203 0.6224, 0.0761 0.5259 0.622, 0.0761 0.5259 0.6224, 0.0767 0.5265 0.622, 0.0767 0.5265 0.6224, 0.0819 0.5308 0.622, 0.0819 0.5308 0.6224, 0.0882 0.5338 0.622, 0.0882 0.5338 0.6224, 0.0951 0.5352 0.622, 0.0951 0.5352 0.6224, 0.0985 0.5354 0.622, 0.0985 0.5354 0.6224, 0.1084 0.5342 0.622, 0.1084 0.5342 0.6224, 0.1165 0.5311 0.622, 0.1165 0.5311 0.6224, 0.1174 0.5306 0.622, 0.1174 0.5306 0.6224, 0.1174 0.5414 0.6224, 0.1174 0.5414 0.622, 0.0984 0.5447 0.622, 0.0984 0.5447 0.6224, 0.107 0.544 0.622, 0.1089 0.5439 0.6224, 0.1089 0.5439 0.622, 0.0928 0.544 0.622, 0.0869 0.5433 0.6224, 0.0869 0.5433 0.622, 0.0785 0.5401 0.622, 0.0785 0.5401 0.6224, 0.0708 0.5346 0.622, 0.0708 0.5346 0.6224, 0.069 0.5329 0.622, 0.069 0.5329 0.6224, 0.0632 0.5254 0.622, 0.0632 0.5254 0.6224, 0.061 0.5203 0.622, 0.0594 0.5165 0.6224, 0.0594 0.5165 0.622, 0.0576 0.506 0.622, 0.0576 0.506 0.6224, 0.0575 0.5018 0.622, 0.0575 0.5018 0.6224, 0.059 0.4889 0.622, 0.059 0.4889 0.6224, 0.061 0.4837 0.622, 0.0623 0.4805 0.6224, 0.0623 0.4805 0.622, 0.067 0.4736 0.622, 0.067 0.4736 0.6224, 0.0677 0.4729 0.622, 0.0677 0.4729 0.6224, 0.0733 0.4681 0.622, 0.0733 0.4681 0.6224, 0.0807 0.4643 0.622, 0.0807 0.4643 0.6224, 0.0892 0.4623 0.622, 0.0892 0.4623 0.6224, 0.1765 0.4724 0.6224, 0.1765 0.4633 0.6224, 0.1765 0.4724 0.622, 0.1765 0.4633 0.622, 0.1438 0.4724 0.622, 0.1438 0.4724 0.6224, 0.1654 0.4724 0.622, 0.1438 0.4994 0.6224, 0.1438 0.4994 0.622, 0.1724 0.4994 0.622, 0.1724 0.4994 0.6224, 0.1654 0.4994 0.622, 0.1724 0.5085 0.6224, 0.1724 0.5085 0.622, 0.1438 0.5085 0.622, 0.1438 0.5085 0.6224, 0.1654 0.5085 0.622, 0.1438 0.5342 0.6224, 0.1438 0.5342 0.622, 0.1747 0.5342 0.622, 0.1747 0.5342 0.6224, 0.1654 0.5342 0.622, 0.1747 0.5434 0.6224, 0.1747 0.5434 0.622, 0.1334 0.5434 0.622, 0.1334 0.5434 0.6224, 0.1654 0.5434 0.622, 0.1334 0.4633 0.6224, 0.1334 0.4633 0.622, 0.1654 0.4633 0.622, 0.2413 0.4857 0.6224, 0.2374 0.4808 0.6224, 0.2447 0.4745 0.6224, 0.2364 0.4799 0.6224, 0.2363 0.4685 0.6224, 0.2312 0.4763 0.6224, 0.2272 0.4649 0.6224, 0.2246 0.4737 0.6224, 0.2136 0.4633 0.6224, 0.2136 0.4724 0.6224, 0.1916 0.4633 0.6224, 0.202 0.4724 0.6224, 0.1916 0.5434 0.6224, 0.202 0.5342 0.6224, 0.2145 0.5434 0.6224, 0.214 0.5342 0.6224, 0.2267 0.542 0.6224, 0.2248 0.5329 0.6224, 0.2363 0.5385 0.6224, 0.2316 0.5303 0.6224, 0.2447 0.5328 0.6224, 0.2372 0.5266 0.6224, 0.2476 0.53 0.6224, 0.2394 0.5244 0.6224, 0.2525 0.523 0.6224, 0.2425 0.5199 0.6224, 0.2555 0.5153 0.6224, 0.2448 0.514 0.6224, 0.2568 0.5044 0.6224, 0.2459 0.5041 0.6224, 0.2566 0.4992 0.6224, 0.2457 0.499 0.6224, 0.2546 0.4899 0.6224, 0.2441 0.4916 0.6224, 0.2507 0.4816 0.6224, 0.2136 0.4633 0.622, 0.1916 0.4633 0.622, 0.2447 0.4745 0.622, 0.2272 0.4649 0.622, 0.2283 0.4654 0.622, 0.2363 0.4685 0.622, 0.2507 0.4816 0.622, 0.2546 0.4899 0.622, 0.2566 0.4992 0.622, 0.2568 0.5044 0.622, 0.2555 0.5153 0.622, 0.2525 0.523 0.622, 0.2476 0.53 0.622, 0.2447 0.5328 0.622, 0.2145 0.5434 0.622, 0.2363 0.5385 0.622, 0.2283 0.5414 0.622, 0.2267 0.542 0.622, 0.1916 0.5434 0.622, 0.214 0.5342 0.622, 0.202 0.5342 0.622, 0.202 0.4724 0.622, 0.2136 0.4724 0.622, 0.2374 0.4808 0.622, 0.2364 0.4799 0.622, 0.2312 0.4763 0.622, 0.2246 0.4737 0.622, 0.2459 0.5041 0.622, 0.2457 0.499 0.622, 0.2441 0.4916 0.622, 0.2413 0.4857 0.622, 0.2372 0.5266 0.622, 0.2394 0.5244 0.622, 0.2425 0.5199 0.622, 0.2448 0.514 0.622, 0.2248 0.5329 0.622, 0.2316 0.5303 0.622, 0.2316 0.5303 0.622
            ]
        }
        coordIndex [
            0,1,2,-1,2,1,3,-1,4,0,5,-1,5,0,2,-1,6,4,7,-1,7,4,5,-1,8,6,9,-1,9,6,7,-1,10,8,11,-1,11,8,9,-1,1,10,3,-1,3,10,11,-1,6,8,4,-1,4,8,10,-1,4,10,0,-1,0,10,1,-1,12,13,14,-1,12,14,15,-1,15,14,16,-1,15,16,17,-1,17,16,18,-1,17,18,19,-1,20,19,21,-1,21,19,18,-1,20,21,22,-1,20,22,23,-1,23,22,24,-1,23,24,25,-1,25,24,26,-1,25,26,27,-1,27,26,28,-1,27,28,29,-1,29,28,30,-1,29,30,31,-1,31,30,32,-1,31,32,33,-1,33,32,34,-1,33,34,35,-1,35,34,36,-1,35,36,37,-1,37,36,38,-1,37,38,39,-1,39,38,40,-1,39,40,41,-1,41,40,42,-1,41,42,43,-1,43,42,44,-1,43,44,45,-1,45,44,46,-1,45,46,47,-1,47,46,48,-1,47,48,49,-1,49,48,50,-1,49,50,51,-1,51,50,52,-1,51,52,53,-1,53,52,54,-1,53,54,55,-1,55,54,56,-1,55,56,57,-1,57,56,58,-1,57,58,59,-1,59,58,60,-1,59,60,61,-1,61,60,62,-1,61,62,63,-1,63,62,64,-1,63,64,65,-1,66,65,67,-1,67,65,64,-1,68,69,70,-1,70,69,71,-1,70,71,72,-1,72,71,66,-1,72,66,67,-1,69,68,73,-1,69,73,74,-1,73,75,74,-1,74,75,76,-1,74,76,77,-1,77,76,78,-1,77,78,79,-1,79,78,80,-1,79,80,81,-1,81,80,82,-1,81,82,83,-1,83,82,84,-1,83,84,85,-1,84,86,85,-1,85,86,87,-1,85,87,88,-1,88,87,89,-1,88,89,90,-1,90,89,91,-1,90,91,92,-1,92,91,93,-1,92,93,94,-1,93,95,94,-1,94,95,96,-1,94,96,97,-1,97,96,98,-1,97,98,99,-1,99,98,100,-1,99,100,101,-1,101,100,102,-1,101,102,103,-1,103,102,104,-1,103,104,105,-1,105,104,13,-1,105,13,12,-1,45,47,83,-1,53,55,74,-1,83,47,81,-1,74,55,69,-1,74,77,53,-1,53,77,79,-1,53,79,51,-1,51,79,81,-1,51,81,49,-1,49,81,47,-1,55,57,69,-1,69,57,59,-1,69,59,71,-1,71,59,61,-1,71,61,66,-1,66,61,63,-1,66,63,65,-1,90,43,88,-1,88,43,45,-1,88,45,85,-1,85,45,83,-1,19,20,17,-1,17,20,23,-1,17,23,15,-1,15,23,25,-1,15,25,12,-1,12,25,27,-1,12,27,105,-1,105,27,29,-1,105,29,103,-1,103,29,31,-1,103,31,101,-1,101,31,33,-1,101,33,99,-1,99,33,35,-1,99,35,97,-1,97,35,37,-1,97,37,94,-1,94,37,92,-1,92,37,39,-1,92,39,90,-1,90,39,41,-1,90,41,43,-1,106,107,108,-1,108,107,109,-1,110,111,112,-1,112,111,106,-1,112,106,108,-1,113,111,114,-1,114,111,110,-1,115,116,117,-1,117,116,113,-1,117,113,114,-1,118,116,119,-1,119,116,115,-1,120,121,122,-1,122,121,118,-1,122,118,119,-1,123,121,124,-1,124,121,120,-1,125,126,127,-1,127,126,123,-1,127,123,124,-1,128,126,129,-1,129,126,125,-1,130,131,132,-1,132,131,128,-1,132,128,129,-1,133,131,134,-1,134,131,130,-1,109,107,135,-1,135,107,133,-1,135,133,134,-1,133,107,106,-1,106,111,133,-1,133,111,113,-1,133,113,131,-1,126,128,123,-1,123,128,131,-1,123,131,121,-1,121,131,113,-1,121,113,118,-1,118,113,116,-1,136,137,138,-1,138,137,139,-1,138,139,140,-1,140,139,141,-1,140,141,142,-1,142,141,143,-1,142,143,144,-1,144,143,145,-1,144,145,146,-1,146,145,147,-1,146,147,148,-1,148,147,149,-1,148,149,150,-1,150,149,151,-1,150,151,152,-1,152,151,153,-1,152,153,154,-1,154,153,155,-1,154,155,156,-1,156,155,157,-1,156,157,158,-1,158,157,159,-1,158,159,160,-1,160,159,161,-1,160,161,162,-1,162,161,163,-1,162,163,164,-1,164,163,165,-1,164,165,166,-1,166,165,167,-1,166,167,168,-1,168,167,169,-1,168,169,170,-1,170,169,136,-1,170,136,138,-1,144,146,171,-1,171,146,172,-1,173,138,140,-1,144,171,174,-1,144,174,142,-1,142,174,175,-1,142,175,140,-1,140,175,176,-1,140,176,173,-1,138,173,177,-1,138,177,170,-1,170,177,178,-1,170,178,168,-1,168,178,179,-1,168,179,166,-1,166,179,180,-1,166,180,164,-1,164,180,181,-1,164,181,162,-1,162,181,182,-1,162,182,160,-1,160,182,183,-1,160,183,158,-1,158,183,184,-1,158,184,156,-1,185,150,152,-1,156,184,186,-1,156,186,154,-1,154,186,187,-1,154,187,152,-1,152,187,188,-1,152,188,185,-1,148,150,189,-1,189,150,185,-1,146,148,172,-1,172,148,189,-1,151,149,190,-1,190,149,191,-1,149,147,191,-1,191,147,192,-1,147,145,192,-1,192,145,193,-1,137,194,195,-1,137,195,139,-1,139,195,196,-1,139,196,141,-1,141,196,197,-1,141,197,143,-1,143,197,193,-1,143,193,145,-1,165,198,199,-1,165,199,167,-1,167,199,200,-1,167,200,169,-1,169,200,201,-1,169,201,136,-1,136,201,194,-1,136,194,137,-1,157,202,203,-1,157,203,159,-1,159,203,204,-1,159,204,161,-1,161,204,205,-1,161,205,163,-1,163,205,198,-1,163,198,165,-1,151,190,206,-1,151,206,153,-1,153,206,207,-1,153,207,155,-1,155,207,202,-1,155,202,157,-1,
        ]
    }
}
Shape{
    appearance Appearance {
        material  Material 	{
            diffuseColor 0.6666666666666666 0.6666666666666666 0.6666666666666666
            specularColor 0.4666666666666667 0.4666666666666667 0.4666666666666667
            ambientIntensity 0.2
            transparency 0
            shininess 0.5
        }
    }
    geometry IndexedFaceSet {
        ccw TRUE
        solid FALSE
        coord DEF co Coordinate {
            point [
                0.202 0.5342 0.622, 0.202 0.4724 0.622, 0.214 0.5342 0.622, 0.2136 0.4724 0.622, 0.2246 0.4737 0.622, 0.2312 0.4763 0.622, 0.2364 0.4799 0.622, 0.2374 0.4808 0.622, 0.2413 0.4857 0.622, 0.2441 0.4916 0.622, 0.2459 0.5041 0.622, 0.2372 0.5266 0.622, 0.2316 0.5303 0.622, 0.2448 0.514 0.622, 0.2425 0.5199 0.622, 0.2394 0.5244 0.622, 0.2457 0.499 0.622, 0.2248 0.5329 0.622, 0.2248 0.5329 0.622
            ]
        }
        coordIndex [
            0,1,2,-1,2,1,3,-1,3,4,2,-1,2,4,5,-1,2,5,6,-1,6,7,2,-1,2,7,8,-1,2,8,9,-1,10,11,12,-1,13,14,10,-1,10,14,15,-1,10,15,11,-1,9,16,2,-1,2,16,10,-1,2,10,17,-1,17,10,12,-1,
        ]
    }
}
Shape{
    appearance Appearance {
        material  Material 	{
            diffuseColor 0.0 0.0 0.0
            specularColor 0.0 0.0 0.0
            ambientIntensity 0.2
            transparency 0
            shininess 0.5
        }
    }
    geometry IndexedFaceSet {
        ccw TRUE
        solid FALSE
        coord DEF co Coordinate {
            point [
                0.2836 0.4942 0.6224, 0.2804 0.4852 0.6224, 0.3105 0.4942 0.6224, 0.3137 0.4852 0.6224, 0.2956 0.5275 0.6224, 0.2917 0.5434 0.6224, 0.2612 0.4633 0.6224, 0.2727 0.4633 0.6224, 0.2963 0.5299 0.6224, 0.2969 0.5331 0.6224, 0.3028 0.5434 0.6224, 0.2972 0.5331 0.6224, 0.2978 0.5297 0.6224, 0.2984 0.5275 0.6224, 0.3333 0.4633 0.6224, 0.3219 0.4633 0.6224, 0.3028 0.5434 0.622, 0.3333 0.4633 0.622, 0.2917 0.5434 0.622, 0.2612 0.4633 0.622, 0.2843 0.5239 0.622, 0.2727 0.4633 0.622, 0.2804 0.4852 0.622, 0.3137 0.4852 0.622, 0.2843 0.4852 0.622, 0.3219 0.4633 0.622, 0.2836 0.4942 0.622, 0.3105 0.4942 0.622, 0.2984 0.5275 0.622, 0.2972 0.5331 0.622, 0.2978 0.5297 0.622, 0.2969 0.5331 0.622, 0.2956 0.5275 0.622, 0.2963 0.5299 0.622, 0.2963 0.5299 0.622
            ]
        }
        coordIndex [
            0,1,2,-1,2,1,3,-1,4,5,0,-1,0,5,6,-1,0,6,1,-1,1,6,7,-1,4,8,5,-1,5,8,9,-1,5,9,10,-1,10,9,11,-1,10,11,12,-1,12,13,10,-1,10,13,2,-1,10,2,14,-1,14,2,3,-1,14,3,15,-1,10,14,16,-1,16,14,17,-1,5,10,18,-1,18,10,16,-1,19,6,20,-1,20,6,5,-1,20,5,18,-1,7,6,21,-1,21,6,19,-1,1,7,22,-1,22,7,21,-1,23,3,24,-1,24,3,1,-1,24,1,22,-1,15,3,25,-1,25,3,23,-1,14,15,17,-1,17,15,25,-1,0,2,26,-1,26,2,27,-1,2,13,27,-1,27,13,28,-1,11,29,30,-1,11,30,12,-1,12,30,28,-1,12,28,13,-1,11,9,29,-1,29,9,31,-1,4,32,33,-1,4,33,8,-1,8,33,31,-1,8,31,9,-1,4,0,32,-1,32,0,26,-1,
        ]
    }
}
Shape{
    appearance Appearance {
        material  Material 	{
            diffuseColor 0.6666666666666666 0.6666666666666666 0.6666666666666666
            specularColor 0.4666666666666667 0.4666666666666667 0.4666666666666667
            ambientIntensity 0.2
            transparency 0
            shininess 0.5
        }
    }
    geometry IndexedFaceSet {
        ccw TRUE
        solid FALSE
        coord DEF co Coordinate {
            point [
                0.2972 0.5331 0.622, 0.2969 0.5331 0.622, 0.2978 0.5297 0.622, 0.2963 0.5299 0.622, 0.2984 0.5275 0.622, 0.2956 0.5275 0.622, 0.3105 0.4942 0.622, 0.2836 0.4942 0.622, 0.2836 0.4942 0.622
            ]
        }
        coordIndex [
            0,1,2,-1,2,1,3,-1,2,3,4,-1,4,3,5,-1,4,5,6,-1,6,5,7,-1,
        ]
    }
}
Shape{
    appearance Appearance {
        material  Material 	{
            diffuseColor 0.0 0.0 0.0
            specularColor 0.0 0.0 0.0
            ambientIntensity 0.2
            transparency 0
            shininess 0.5
        }
    }
    geometry IndexedFaceSet {
        ccw TRUE
        solid FALSE
        coord DEF co Coordinate {
            point [
                0.055 0.3454 0.6224, 0.055 0.3363 0.6224, 0.055 0.3454 0.622, 0.055 0.3363 0.622, 0.0223 0.3454 0.6224, 0.0223 0.3454 0.622, 0.0223 0.3723 0.6224, 0.0223 0.3723 0.622, 0.0509 0.3723 0.6224, 0.0509 0.3723 0.622, 0.0509 0.3815 0.6224, 0.0509 0.3815 0.622, 0.0223 0.3815 0.6224, 0.0223 0.3815 0.622, 0.0223 0.4071 0.6224, 0.0223 0.4071 0.622, 0.0532 0.4071 0.6224, 0.0532 0.4071 0.622, 0.0532 0.4163 0.6224, 0.0532 0.4163 0.622, 0.012 0.4163 0.6224, 0.012 0.4163 0.622, 0.012 0.3363 0.6224, 0.012 0.3363 0.622, 0.1005 0.3363 0.6224, 0.1106 0.3363 0.6224, 0.1005 0.3451 0.6224, 0.1106 0.3731 0.6224, 0.1005 0.3726 0.6224, 0.0787 0.3606 0.6224, 0.0811 0.3618 0.6224, 0.1003 0.3451 0.6224, 0.095 0.3466 0.6224, 0.0987 0.3427 0.6224, 0.0921 0.3447 0.6224, 0.0871 0.3632 0.6224, 0.1005 0.365 0.6224, 0.1005 0.3595 0.6224, 0.1005 0.3588 0.6224, 0.0999 0.3543 0.6224, 0.0984 0.3508 0.6224, 0.0962 0.3478 0.6224, 0.1002 0.3771 0.6224, 0.1098 0.3808 0.6224, 0.0991 0.3806 0.6224, 0.1082 0.3853 0.6224, 0.098 0.3827 0.6224, 0.1061 0.3885 0.6224, 0.0965 0.3843 0.6224, 0.1034 0.3911 0.6224, 0.0947 0.3855 0.6224, 0.1001 0.393 0.6224, 0.0923 0.3863 0.6224, 0.0959 0.3942 0.6224, 0.089 0.3866 0.6224, 0.0899 0.3948 0.6224, 0.0827 0.3859 0.6224, 0.0798 0.3936 0.6224, 0.0764 0.3837 0.6224, 0.0723 0.3907 0.6224, 0.0702 0.3797 0.6224, 0.0702 0.3895 0.6224, 0.0768 0.3466 0.6224, 0.0695 0.3394 0.6224, 0.0777 0.3457 0.6224, 0.0729 0.3371 0.6224, 0.0797 0.3444 0.6224, 0.0767 0.3356 0.6224, 0.082 0.3435 0.6224, 0.0827 0.3349 0.6224, 0.0853 0.3432 0.6224, 0.0879 0.3355 0.6224, 0.0891 0.3436 0.6224, 0.092 0.337 0.6224, 0.0955 0.3393 0.6224, 0.0749 0.354 0.6224, 0.0646 0.3528 0.6224, 0.0748 0.3524 0.6224, 0.0646 0.3516 0.6224, 0.075 0.3501 0.6224, 0.0651 0.347 0.6224, 0.0757 0.3483 0.6224, 0.0663 0.3436 0.6224, 0.0684 0.3406 0.6224, 0.0836 0.3703 0.6224, 0.076 0.3684 0.6224, 0.0774 0.3597 0.6224, 0.0718 0.3662 0.6224, 0.0762 0.3582 0.6224, 0.0687 0.3635 0.6224, 0.0754 0.3563 0.6224, 0.0667 0.3607 0.6224, 0.0653 0.3571 0.6224, 0.0899 0.3948 0.622, 0.0798 0.3936 0.622, 0.0723 0.3907 0.622, 0.0702 0.3895 0.622, 0.0702 0.3797 0.622, 0.0764 0.3837 0.622, 0.0827 0.3859 0.622, 0.089 0.3866 0.622, 0.0923 0.3863 0.622, 0.0947 0.3855 0.622, 0.0965 0.3843 0.622, 0.098 0.3827 0.622, 0.0991 0.3806 0.622, 0.1002 0.3771 0.622, 0.1005 0.3726 0.622, 0.0836 0.3703 0.622, 0.076 0.3684 0.622, 0.0718 0.3662 0.622, 0.0687 0.3635 0.622, 0.0667 0.3607 0.622, 0.0653 0.3571 0.622, 0.0646 0.3528 0.622, 0.0646 0.3516 0.622, 0.0651 0.347 0.622, 0.0663 0.3436 0.622, 0.0684 0.3406 0.622, 0.0695 0.3394 0.622, 0.0827 0.3349 0.622, 0.0769 0.3356 0.622, 0.0767 0.3356 0.622, 0.0729 0.3371 0.622, 0.0879 0.3355 0.622, 0.0882 0.3356 0.622, 0.092 0.337 0.622, 0.0955 0.3393 0.622, 0.0987 0.3427 0.622, 0.1003 0.3451 0.622, 0.1005 0.3451 0.622, 0.1005 0.3363 0.622, 0.1106 0.3363 0.622, 0.1106 0.3731 0.622, 0.1098 0.3808 0.622, 0.1082 0.3853 0.622, 0.1061 0.3885 0.622, 0.1034 0.3911 0.622, 0.1001 0.393 0.622, 0.0959 0.3942 0.622, 0.0774 0.3597 0.622, 0.0787 0.3606 0.622, 0.0811 0.3618 0.622, 0.0871 0.3632 0.622, 0.0748 0.3524 0.622, 0.0749 0.354 0.622, 0.0754 0.3563 0.622, 0.0762 0.3582 0.622, 0.0777 0.3457 0.622, 0.0768 0.3466 0.622, 0.0757 0.3483 0.622, 0.075 0.3501 0.622, 0.0853 0.3432 0.622, 0.082 0.3435 0.622, 0.0797 0.3444 0.622, 0.0962 0.3478 0.622, 0.095 0.3466 0.622, 0.0921 0.3447 0.622, 0.0891 0.3436 0.622, 0.1005 0.3595 0.622, 0.1005 0.3588 0.622, 0.0999 0.3543 0.622, 0.0984 0.3508 0.622, 0.1005 0.365 0.622, 0.1005 0.365 0.622
            ]
        }
        coordIndex [
            0,1,2,-1,2,1,3,-1,4,0,5,-1,5,0,2,-1,6,4,7,-1,7,4,5,-1,8,6,9,-1,9,6,7,-1,10,8,11,-1,11,8,9,-1,12,10,13,-1,13,10,11,-1,14,12,15,-1,15,12,13,-1,16,14,17,-1,17,14,15,-1,18,16,19,-1,19,16,17,-1,20,18,21,-1,21,18,19,-1,22,20,23,-1,23,20,21,-1,1,22,3,-1,3,22,23,-1,22,1,0,-1,0,4,22,-1,22,4,6,-1,22,6,20,-1,16,18,14,-1,14,18,20,-1,14,20,12,-1,12,20,6,-1,12,6,10,-1,10,6,8,-1,24,25,26,-1,26,25,27,-1,28,29,30,-1,31,32,33,-1,33,32,34,-1,35,36,27,-1,27,36,37,-1,37,38,27,-1,27,38,39,-1,27,39,26,-1,26,39,40,-1,26,40,31,-1,31,40,41,-1,31,41,32,-1,30,35,28,-1,28,35,27,-1,28,27,42,-1,42,27,43,-1,42,43,44,-1,44,43,45,-1,44,45,46,-1,46,45,47,-1,46,47,48,-1,48,47,49,-1,48,49,50,-1,50,49,51,-1,50,51,52,-1,52,51,53,-1,52,53,54,-1,54,53,55,-1,54,55,56,-1,56,55,57,-1,56,57,58,-1,58,57,59,-1,58,59,60,-1,60,59,61,-1,62,63,64,-1,64,63,65,-1,64,65,66,-1,66,65,67,-1,66,67,68,-1,68,67,69,-1,68,69,70,-1,70,69,71,-1,70,71,72,-1,72,71,73,-1,72,73,34,-1,34,73,74,-1,34,74,33,-1,75,76,77,-1,77,76,78,-1,77,78,79,-1,79,78,80,-1,79,80,81,-1,81,80,82,-1,81,82,62,-1,62,82,83,-1,62,83,63,-1,28,84,29,-1,29,84,85,-1,29,85,86,-1,86,85,87,-1,86,87,88,-1,88,87,89,-1,88,89,90,-1,90,89,91,-1,90,91,75,-1,75,91,92,-1,75,92,76,-1,55,93,94,-1,55,94,57,-1,57,94,95,-1,57,95,59,-1,59,95,96,-1,59,96,61,-1,60,61,97,-1,97,61,96,-1,60,97,98,-1,60,98,58,-1,58,98,99,-1,58,99,56,-1,56,99,100,-1,56,100,54,-1,54,100,101,-1,54,101,52,-1,52,101,102,-1,52,102,50,-1,50,102,103,-1,50,103,48,-1,48,103,104,-1,48,104,46,-1,46,104,105,-1,46,105,44,-1,44,105,106,-1,44,106,42,-1,42,106,107,-1,42,107,28,-1,84,28,108,-1,108,28,107,-1,84,108,109,-1,84,109,85,-1,85,109,110,-1,85,110,87,-1,87,110,111,-1,87,111,89,-1,89,111,112,-1,89,112,91,-1,91,112,113,-1,91,113,92,-1,92,113,114,-1,92,114,76,-1,76,114,115,-1,76,115,78,-1,78,115,116,-1,78,116,80,-1,80,116,117,-1,80,117,82,-1,82,117,118,-1,82,118,83,-1,83,118,119,-1,83,119,63,-1,120,69,121,-1,121,69,67,-1,121,67,122,-1,122,67,65,-1,122,65,123,-1,123,65,63,-1,123,63,119,-1,69,120,124,-1,69,124,71,-1,71,124,125,-1,71,125,73,-1,125,126,73,-1,73,126,127,-1,73,127,74,-1,74,127,128,-1,74,128,33,-1,33,128,129,-1,33,129,31,-1,26,31,130,-1,130,31,129,-1,24,26,131,-1,131,26,130,-1,25,24,132,-1,132,24,131,-1,27,25,133,-1,133,25,132,-1,27,133,134,-1,27,134,43,-1,43,134,135,-1,43,135,45,-1,45,135,136,-1,45,136,47,-1,47,136,137,-1,47,137,49,-1,49,137,138,-1,49,138,51,-1,51,138,139,-1,51,139,53,-1,53,139,93,-1,53,93,55,-1,86,140,141,-1,86,141,29,-1,29,141,142,-1,29,142,30,-1,30,142,143,-1,30,143,35,-1,77,144,145,-1,77,145,75,-1,75,145,146,-1,75,146,90,-1,90,146,147,-1,90,147,88,-1,88,147,140,-1,88,140,86,-1,64,148,149,-1,64,149,62,-1,62,149,150,-1,62,150,81,-1,81,150,151,-1,81,151,79,-1,79,151,144,-1,79,144,77,-1,70,152,153,-1,70,153,68,-1,68,153,154,-1,68,154,66,-1,66,154,148,-1,66,148,64,-1,41,155,156,-1,41,156,32,-1,32,156,157,-1,32,157,34,-1,34,157,158,-1,34,158,72,-1,72,158,152,-1,72,152,70,-1,37,159,160,-1,37,160,38,-1,38,160,161,-1,38,161,39,-1,39,161,162,-1,39,162,40,-1,40,162,155,-1,40,155,41,-1,37,36,159,-1,159,36,163,-1,36,35,163,-1,163,35,143,-1,
        ]
    }
}
Shape{
    appearance Appearance {
        material  Material 	{
            diffuseColor 0.6666666666666666 0.6666666666666666 0.6666666666666666
            specularColor 0.4666666666666667 0.4666666666666667 0.4666666666666667
            ambientIntensity 0.2
            transparency 0
            shininess 0.5
        }
    }
    geometry IndexedFaceSet {
        ccw TRUE
        solid FALSE
        coord DEF co Coordinate {
            point [
                0.1005 0.3588 0.622, 0.1005 0.3595 0.622, 0.0774 0.3597 0.622, 0.1005 0.365 0.622, 0.0871 0.3632 0.622, 0.0811 0.3618 0.622, 0.0787 0.3606 0.622, 0.0999 0.3543 0.622, 0.0762 0.3582 0.622, 0.0984 0.3508 0.622, 0.0768 0.3466 0.622, 0.0777 0.3457 0.622, 0.095 0.3466 0.622, 0.0757 0.3483 0.622, 0.0921 0.3447 0.622, 0.0891 0.3436 0.622, 0.0853 0.3432 0.622, 0.0754 0.3563 0.622, 0.0749 0.354 0.622, 0.0962 0.3478 0.622, 0.0748 0.3524 0.622, 0.075 0.3501 0.622, 0.0797 0.3444 0.622, 0.082 0.3435 0.622, 0.082 0.3435 0.622
            ]
        }
        coordIndex [
            0,1,2,-1,1,3,4,-1,4,5,1,-1,1,5,6,-1,1,6,2,-1,0,2,7,-1,7,2,8,-1,7,8,9,-1,10,11,12,-1,10,12,13,-1,14,12,15,-1,15,12,16,-1,8,17,9,-1,9,17,18,-1,9,18,19,-1,19,18,20,-1,19,20,12,-1,12,20,21,-1,12,21,13,-1,11,22,12,-1,12,22,23,-1,12,23,16,-1,
        ]
    }
}
Shape{
    appearance Appearance {
        material  Material 	{
            diffuseColor 0.0 0.0 0.0
            specularColor 0.0 0.0 0.0
            ambientIntensity 0.2
            transparency 0
            shininess 0.5
        }
    }
    geometry IndexedFaceSet {
        ccw TRUE
        solid FALSE
        coord DEF co Coordinate {
            point [
                0.1407 0.3431 0.6224, 0.1407 0.3431 0.622, 0.1342 0.3439 0.622, 0.1288 0.346 0.622, 0.1279 0.3463 0.6224, 0.1342 0.3439 0.6224, 0.1279 0.3463 0.622, 0.1242 0.3486 0.622, 0.1242 0.3486 0.6224, 0.1242 0.3383 0.6224, 0.1242 0.3383 0.622, 0.1306 0.336 0.6224, 0.1288 0.3366 0.622, 0.1397 0.3349 0.622, 0.1397 0.3349 0.6224, 0.1337 0.3356 0.622, 0.1306 0.336 0.622, 0.1476 0.3357 0.6224, 0.1464 0.3356 0.622, 0.1476 0.3357 0.622, 0.1531 0.3376 0.622, 0.1531 0.3376 0.6224, 0.1563 0.3395 0.622, 0.1563 0.3395 0.6224, 0.1592 0.342 0.622, 0.1592 0.342 0.6224, 0.1611 0.3446 0.622, 0.1611 0.3446 0.6224, 0.1623 0.3478 0.622, 0.1623 0.3478 0.6224, 0.1628 0.3518 0.622, 0.1628 0.3518 0.6224, 0.1624 0.3556 0.622, 0.1624 0.3556 0.6224, 0.1613 0.3585 0.622, 0.1613 0.3585 0.6224, 0.1594 0.3613 0.622, 0.1594 0.3613 0.6224, 0.157 0.3634 0.622, 0.157 0.3634 0.6224, 0.1504 0.3671 0.622, 0.1504 0.3671 0.6224, 0.1465 0.3687 0.622, 0.1465 0.3687 0.6224, 0.1403 0.3714 0.622, 0.1403 0.3714 0.6224, 0.1367 0.3736 0.622, 0.1367 0.3736 0.6224, 0.1358 0.3747 0.622, 0.1358 0.3747 0.6224, 0.135 0.376 0.622, 0.135 0.376 0.6224, 0.1346 0.3776 0.622, 0.1346 0.3776 0.6224, 0.1346 0.3789 0.622, 0.1346 0.3789 0.6224, 0.1347 0.3805 0.622, 0.1347 0.3805 0.6224, 0.1352 0.3819 0.622, 0.1352 0.3819 0.6224, 0.1361 0.3832 0.622, 0.1361 0.3832 0.6224, 0.1376 0.3845 0.622, 0.1376 0.3845 0.6224, 0.1399 0.3857 0.622, 0.1399 0.3857 0.6224, 0.1425 0.3864 0.622, 0.1425 0.3864 0.6224, 0.1455 0.3866 0.622, 0.1455 0.3866 0.6224, 0.1522 0.3858 0.622, 0.1522 0.3858 0.6224, 0.1579 0.3837 0.622, 0.1579 0.3837 0.6224, 0.16 0.3825 0.622, 0.16 0.3825 0.6224, 0.16 0.3922 0.6224, 0.16 0.3922 0.622, 0.1532 0.3942 0.622, 0.1532 0.3942 0.6224, 0.1465 0.3948 0.622, 0.1465 0.3948 0.6224, 0.1392 0.394 0.622, 0.1392 0.394 0.6224, 0.1336 0.392 0.622, 0.1336 0.392 0.6224, 0.1306 0.3902 0.622, 0.1306 0.3902 0.6224, 0.1277 0.3876 0.6224, 0.1288 0.3886 0.622, 0.1277 0.3876 0.622, 0.1258 0.3848 0.622, 0.1258 0.3848 0.6224, 0.1246 0.3816 0.622, 0.1246 0.3816 0.6224, 0.1242 0.378 0.622, 0.1242 0.378 0.6224, 0.1246 0.3741 0.622, 0.1246 0.3741 0.6224, 0.1258 0.3711 0.622, 0.1258 0.3711 0.6224, 0.1271 0.369 0.622, 0.1271 0.369 0.6224, 0.1394 0.3614 0.622, 0.1394 0.3614 0.6224, 0.1334 0.3642 0.6224, 0.1287 0.3673 0.622, 0.1287 0.3673 0.6224, 0.1288 0.3672 0.622, 0.1334 0.3642 0.622, 0.146 0.3587 0.622, 0.146 0.3587 0.6224, 0.1499 0.3563 0.622, 0.1499 0.3563 0.6224, 0.1512 0.355 0.622, 0.1512 0.355 0.6224, 0.1519 0.3537 0.622, 0.1519 0.3537 0.6224, 0.1524 0.3521 0.622, 0.1524 0.3521 0.6224, 0.1525 0.3509 0.622, 0.1525 0.3509 0.6224, 0.1523 0.3489 0.622, 0.1523 0.3489 0.6224, 0.1518 0.3475 0.622, 0.1518 0.3475 0.6224, 0.1509 0.3462 0.622, 0.1509 0.3462 0.6224, 0.1497 0.3452 0.622, 0.1497 0.3452 0.6224, 0.1488 0.3446 0.622, 0.1488 0.3446 0.6224, 0.1462 0.3437 0.622, 0.1462 0.3437 0.6224, 0.1411 0.3431 0.622, 0.1411 0.3431 0.6224, 0.2125 0.3935 0.6224, 0.2229 0.3935 0.6224, 0.2125 0.3935 0.622, 0.2229 0.3935 0.622, 0.1969 0.3504 0.6224, 0.1969 0.3504 0.622, 0.1961 0.3477 0.622, 0.1961 0.3477 0.6224, 0.1956 0.3458 0.622, 0.1956 0.3458 0.6224, 0.1954 0.3458 0.6224, 0.1954 0.3458 0.622, 0.1942 0.3505 0.6224, 0.1942 0.3505 0.622, 0.1792 0.3935 0.622, 0.1792 0.3935 0.6224, 0.1841 0.3795 0.622, 0.168 0.3935 0.6224, 0.168 0.3935 0.622, 0.1904 0.3364 0.622, 0.1904 0.3364 0.6224, 0.1841 0.3526 0.622, 0.186 0.326 0.622, 0.186 0.326 0.6224, 0.1901 0.3356 0.622, 0.1841 0.3224 0.622, 0.1841 0.3224 0.6224, 0.1822 0.3203 0.622, 0.1822 0.3203 0.6224, 0.1804 0.3191 0.622, 0.1804 0.3191 0.6224, 0.1782 0.3182 0.622, 0.1782 0.3182 0.6224, 0.1758 0.3179 0.622, 0.1758 0.3179 0.6224, 0.1721 0.3184 0.622, 0.1721 0.3184 0.6224, 0.1701 0.3191 0.622, 0.1701 0.3191 0.6224, 0.1701 0.3102 0.6224, 0.1701 0.3102 0.622, 0.1743 0.3094 0.622, 0.1743 0.3094 0.6224, 0.1765 0.3093 0.622, 0.1765 0.3093 0.6224, 0.1806 0.3098 0.622, 0.1841 0.3111 0.622, 0.1845 0.3113 0.6224, 0.1806 0.3098 0.6224, 0.1845 0.3113 0.622, 0.188 0.3138 0.622, 0.188 0.3138 0.6224, 0.1887 0.3144 0.622, 0.1887 0.3144 0.6224, 0.1924 0.3188 0.622, 0.1924 0.3188 0.6224, 0.1969 0.3276 0.622, 0.1969 0.3276 0.6224, 0.2001 0.3356 0.622, 0.2768 0.3454 0.6224, 0.2768 0.3363 0.6224, 0.2768 0.3454 0.622, 0.2768 0.3363 0.622, 0.244 0.3454 0.622, 0.244 0.3454 0.6224, 0.259 0.3454 0.622, 0.244 0.3723 0.6224, 0.244 0.3723 0.622, 0.2727 0.3723 0.622, 0.2727 0.3723 0.6224, 0.259 0.3723 0.622, 0.2727 0.3815 0.6224, 0.2727 0.3815 0.622, 0.244 0.3815 0.622, 0.244 0.3815 0.6224, 0.259 0.3815 0.622, 0.244 0.4071 0.6224, 0.244 0.4071 0.622, 0.2749 0.4071 0.622, 0.2749 0.4071 0.6224, 0.259 0.4071 0.622, 0.2749 0.4163 0.6224, 0.2749 0.4163 0.622, 0.2337 0.4163 0.622, 0.2337 0.4163 0.6224, 0.259 0.4163 0.622, 0.2337 0.3363 0.6224, 0.2337 0.3363 0.622, 0.259 0.3363 0.622, 0.3416 0.3587 0.6224, 0.3377 0.3538 0.6224, 0.345 0.3475 0.6224, 0.3367 0.3528 0.6224, 0.3366 0.3415 0.6224, 0.3315 0.3493 0.6224, 0.3274 0.3379 0.6224, 0.3249 0.3467 0.6224, 0.3139 0.3363 0.6224, 0.3138 0.3454 0.6224, 0.2919 0.3363 0.6224, 0.3022 0.3454 0.6224, 0.2919 0.4163 0.6224, 0.3022 0.4071 0.6224, 0.3147 0.4163 0.6224, 0.3143 0.4071 0.6224, 0.327 0.415 0.6224, 0.325 0.4059 0.6224, 0.3366 0.4115 0.6224, 0.3319 0.4033 0.6224, 0.345 0.4057 0.6224, 0.3374 0.3996 0.6224, 0.3479 0.403 0.6224, 0.3397 0.3974 0.6224, 0.3528 0.396 0.6224, 0.3428 0.3929 0.6224, 0.3558 0.3883 0.6224, 0.345 0.387 0.6224, 0.3571 0.3773 0.6224, 0.3462 0.3771 0.6224, 0.3568 0.3722 0.6224, 0.3459 0.3719 0.6224, 0.3549 0.3629 0.6224, 0.3444 0.3646 0.6224, 0.3509 0.3546 0.6224, 0.3139 0.3363 0.622, 0.2919 0.3363 0.622, 0.3274 0.3379 0.622, 0.3366 0.3415 0.622, 0.345 0.3475 0.622, 0.3509 0.3546 0.622, 0.3549 0.3629 0.622, 0.3568 0.3722 0.622, 0.3571 0.3773 0.622, 0.3558 0.3883 0.622, 0.3528 0.396 0.622, 0.3479 0.403 0.622, 0.345 0.4057 0.622, 0.3366 0.4115 0.622, 0.327 0.415 0.622, 0.3147 0.4163 0.622, 0.2919 0.4163 0.622, 0.3143 0.4071 0.622, 0.3022 0.4071 0.622, 0.3022 0.3454 0.622, 0.3138 0.3454 0.622, 0.3377 0.3538 0.622, 0.3367 0.3528 0.622, 0.3315 0.3493 0.622, 0.3249 0.3467 0.622, 0.3462 0.3771 0.622, 0.3459 0.3719 0.622, 0.3444 0.3646 0.622, 0.3416 0.3587 0.622, 0.3374 0.3996 0.622, 0.3397 0.3974 0.622, 0.3428 0.3929 0.622, 0.345 0.387 0.622, 0.325 0.4059 0.622, 0.3319 0.4033 0.622, 0.3319 0.4033 0.622
            ]
        }
        coordIndex [
            0,1,2,-1,3,4,2,-1,2,4,5,-1,2,5,0,-1,3,6,4,-1,4,6,7,-1,4,7,8,-1,9,8,10,-1,10,8,7,-1,11,9,12,-1,12,9,10,-1,13,14,15,-1,15,14,11,-1,15,11,16,-1,16,11,12,-1,17,14,18,-1,18,14,13,-1,18,19,17,-1,17,19,20,-1,17,20,21,-1,21,20,22,-1,21,22,23,-1,23,22,24,-1,23,24,25,-1,25,24,26,-1,25,26,27,-1,27,26,28,-1,27,28,29,-1,29,28,30,-1,29,30,31,-1,31,30,32,-1,31,32,33,-1,33,32,34,-1,33,34,35,-1,35,34,36,-1,35,36,37,-1,37,36,38,-1,37,38,39,-1,39,38,40,-1,39,40,41,-1,41,40,42,-1,41,42,43,-1,43,42,44,-1,43,44,45,-1,45,44,46,-1,45,46,47,-1,47,46,48,-1,47,48,49,-1,49,48,50,-1,49,50,51,-1,51,50,52,-1,51,52,53,-1,53,52,54,-1,53,54,55,-1,55,54,56,-1,55,56,57,-1,57,56,58,-1,57,58,59,-1,59,58,60,-1,59,60,61,-1,61,60,62,-1,61,62,63,-1,63,62,64,-1,63,64,65,-1,65,64,66,-1,65,66,67,-1,67,66,68,-1,67,68,69,-1,69,68,70,-1,69,70,71,-1,71,70,72,-1,71,72,73,-1,73,72,74,-1,73,74,75,-1,76,75,77,-1,77,75,74,-1,76,77,78,-1,76,78,79,-1,79,78,80,-1,79,80,81,-1,81,80,82,-1,81,82,83,-1,83,82,84,-1,83,84,85,-1,85,84,86,-1,85,86,87,-1,88,87,89,-1,89,87,86,-1,89,90,88,-1,88,90,91,-1,88,91,92,-1,92,91,93,-1,92,93,94,-1,94,93,95,-1,94,95,96,-1,96,95,97,-1,96,97,98,-1,98,97,99,-1,98,99,100,-1,100,99,101,-1,100,101,102,-1,103,104,105,-1,102,101,106,-1,102,106,107,-1,107,106,108,-1,107,108,105,-1,105,108,109,-1,105,109,103,-1,104,103,110,-1,104,110,111,-1,111,110,112,-1,111,112,113,-1,113,112,114,-1,113,114,115,-1,115,114,116,-1,115,116,117,-1,117,116,118,-1,117,118,119,-1,119,118,120,-1,119,120,121,-1,121,120,122,-1,121,122,123,-1,123,122,124,-1,123,124,125,-1,125,124,126,-1,125,126,127,-1,127,126,128,-1,127,128,129,-1,129,128,130,-1,129,130,131,-1,131,130,132,-1,131,132,133,-1,133,132,134,-1,133,134,135,-1,135,134,1,-1,135,1,0,-1,61,63,85,-1,85,63,83,-1,111,43,104,-1,104,43,45,-1,21,23,127,-1,127,23,25,-1,127,25,125,-1,125,25,27,-1,125,27,123,-1,123,27,29,-1,123,29,121,-1,121,29,31,-1,121,31,119,-1,119,31,33,-1,119,33,117,-1,117,33,35,-1,117,35,115,-1,115,35,37,-1,115,37,113,-1,113,37,39,-1,113,39,111,-1,111,39,41,-1,111,41,43,-1,14,0,11,-1,11,0,5,-1,11,5,9,-1,9,5,4,-1,9,4,8,-1,63,65,83,-1,83,65,67,-1,83,67,81,-1,81,67,69,-1,81,69,79,-1,79,69,71,-1,79,71,76,-1,76,71,73,-1,76,73,75,-1,127,129,21,-1,21,129,131,-1,21,131,17,-1,17,131,133,-1,17,133,14,-1,14,133,135,-1,14,135,0,-1,85,87,61,-1,61,87,88,-1,61,88,59,-1,59,88,92,-1,59,92,57,-1,57,92,94,-1,57,94,55,-1,55,94,96,-1,55,96,53,-1,53,96,98,-1,53,98,51,-1,51,98,100,-1,51,100,49,-1,49,100,102,-1,49,102,47,-1,47,102,107,-1,47,107,45,-1,45,107,105,-1,45,105,104,-1,136,137,138,-1,138,137,139,-1,140,136,141,-1,141,136,138,-1,140,141,142,-1,140,142,143,-1,143,142,144,-1,143,144,145,-1,146,145,147,-1,147,145,144,-1,148,146,149,-1,149,146,147,-1,150,151,152,-1,152,151,148,-1,152,148,149,-1,153,151,154,-1,154,151,150,-1,155,156,157,-1,157,156,153,-1,157,153,154,-1,158,159,160,-1,160,159,156,-1,160,156,155,-1,159,158,161,-1,159,161,162,-1,162,161,163,-1,162,163,164,-1,164,163,165,-1,164,165,166,-1,166,165,167,-1,166,167,168,-1,168,167,169,-1,168,169,170,-1,170,169,171,-1,170,171,172,-1,172,171,173,-1,172,173,174,-1,175,174,176,-1,176,174,173,-1,175,176,177,-1,175,177,178,-1,178,177,179,-1,178,179,180,-1,180,179,181,-1,182,183,181,-1,181,183,184,-1,181,184,180,-1,182,185,183,-1,183,185,186,-1,183,186,187,-1,187,186,188,-1,187,188,189,-1,189,188,190,-1,189,190,191,-1,191,190,192,-1,191,192,193,-1,139,137,194,-1,194,137,193,-1,194,193,192,-1,143,145,193,-1,137,136,193,-1,193,136,140,-1,193,140,143,-1,151,153,148,-1,148,153,156,-1,148,156,146,-1,174,175,172,-1,172,175,178,-1,172,178,170,-1,170,178,180,-1,170,180,168,-1,168,180,184,-1,168,184,166,-1,166,184,183,-1,166,183,164,-1,191,162,189,-1,189,162,164,-1,189,164,187,-1,187,164,183,-1,145,146,193,-1,193,146,156,-1,193,156,191,-1,191,156,159,-1,191,159,162,-1,195,196,197,-1,197,196,198,-1,199,200,201,-1,201,200,195,-1,201,195,197,-1,202,200,203,-1,203,200,199,-1,204,205,206,-1,206,205,202,-1,206,202,203,-1,207,205,208,-1,208,205,204,-1,209,210,211,-1,211,210,207,-1,211,207,208,-1,212,210,213,-1,213,210,209,-1,214,215,216,-1,216,215,212,-1,216,212,213,-1,217,215,218,-1,218,215,214,-1,219,220,221,-1,221,220,217,-1,221,217,218,-1,222,220,223,-1,223,220,219,-1,198,196,224,-1,224,196,222,-1,224,222,223,-1,222,196,195,-1,195,200,222,-1,222,200,202,-1,222,202,220,-1,215,217,212,-1,212,217,220,-1,212,220,210,-1,210,220,202,-1,210,202,207,-1,207,202,205,-1,225,226,227,-1,227,226,228,-1,227,228,229,-1,229,228,230,-1,229,230,231,-1,231,230,232,-1,231,232,233,-1,233,232,234,-1,233,234,235,-1,235,234,236,-1,235,236,237,-1,237,236,238,-1,237,238,239,-1,239,238,240,-1,239,240,241,-1,241,240,242,-1,241,242,243,-1,243,242,244,-1,243,244,245,-1,245,244,246,-1,245,246,247,-1,247,246,248,-1,247,248,249,-1,249,248,250,-1,249,250,251,-1,251,250,252,-1,251,252,253,-1,253,252,254,-1,253,254,255,-1,255,254,256,-1,255,256,257,-1,257,256,258,-1,257,258,259,-1,259,258,225,-1,259,225,227,-1,233,235,260,-1,260,235,261,-1,233,260,262,-1,233,262,231,-1,231,262,263,-1,231,263,229,-1,229,263,264,-1,229,264,227,-1,227,264,265,-1,227,265,259,-1,259,265,266,-1,259,266,257,-1,257,266,267,-1,257,267,255,-1,255,267,268,-1,255,268,253,-1,253,268,269,-1,253,269,251,-1,251,269,270,-1,251,270,249,-1,249,270,271,-1,249,271,247,-1,247,271,272,-1,247,272,245,-1,245,272,273,-1,245,273,243,-1,243,273,274,-1,243,274,241,-1,241,274,275,-1,241,275,239,-1,237,239,276,-1,276,239,275,-1,235,237,261,-1,261,237,276,-1,240,238,277,-1,277,238,278,-1,238,236,278,-1,278,236,279,-1,236,234,279,-1,279,234,280,-1,226,281,282,-1,226,282,228,-1,228,282,283,-1,228,283,230,-1,230,283,284,-1,230,284,232,-1,232,284,280,-1,232,280,234,-1,254,285,286,-1,254,286,256,-1,256,286,287,-1,256,287,258,-1,258,287,288,-1,258,288,225,-1,225,288,281,-1,225,281,226,-1,246,289,290,-1,246,290,248,-1,248,290,291,-1,248,291,250,-1,250,291,292,-1,250,292,252,-1,252,292,285,-1,252,285,254,-1,240,277,293,-1,240,293,242,-1,242,293,294,-1,242,294,244,-1,244,294,289,-1,244,289,246,-1,
        ]
    }
}
Shape{
    appearance Appearance {
        material  Material 	{
            diffuseColor 0.6666666666666666 0.6666666666666666 0.6666666666666666
            specularColor 0.4666666666666667 0.4666666666666667 0.4666666666666667
            ambientIntensity 0.2
            transparency 0
            shininess 0.5
        }
    }
    geometry IndexedFaceSet {
        ccw TRUE
        solid FALSE
        coord DEF co Coordinate {
            point [
                0.3022 0.4071 0.622, 0.3022 0.3454 0.622, 0.3143 0.4071 0.622, 0.3138 0.3454 0.622, 0.3249 0.3467 0.622, 0.3315 0.3493 0.622, 0.3367 0.3528 0.622, 0.3377 0.3538 0.622, 0.3416 0.3587 0.622, 0.3444 0.3646 0.622, 0.3462 0.3771 0.622, 0.3374 0.3996 0.622, 0.3319 0.4033 0.622, 0.345 0.387 0.622, 0.3428 0.3929 0.622, 0.3397 0.3974 0.622, 0.3459 0.3719 0.622, 0.325 0.4059 0.622, 0.325 0.4059 0.622
            ]
        }
        coordIndex [
            0,1,2,-1,2,1,3,-1,3,4,2,-1,2,4,5,-1,2,5,6,-1,6,7,2,-1,2,7,8,-1,2,8,9,-1,10,11,12,-1,13,14,10,-1,10,14,15,-1,10,15,11,-1,9,16,2,-1,2,16,10,-1,2,10,17,-1,17,10,12,-1,
        ]
    }
}
Shape{
    appearance Appearance {
        material  Material 	{
            diffuseColor 0.0 0.0 0.0
            specularColor 0.0 0.0 0.0
            ambientIntensity 0.2
            transparency 0
            shininess 0.5
        }
    }
    geometry IndexedFaceSet {
        ccw TRUE
        solid FALSE
        coord DEF co Coordinate {
            point [
                0.3839 0.3672 0.6224, 0.3806 0.3582 0.6224, 0.4108 0.3672 0.6224, 0.414 0.3582 0.6224, 0.3959 0.4005 0.6224, 0.392 0.4163 0.6224, 0.3615 0.3363 0.6224, 0.3729 0.3363 0.6224, 0.3966 0.4029 0.6224, 0.3972 0.4061 0.6224, 0.4031 0.4163 0.6224, 0.3974 0.4061 0.6224, 0.3981 0.4027 0.6224, 0.3987 0.4005 0.6224, 0.4336 0.3363 0.6224, 0.4221 0.3363 0.6224, 0.4031 0.4163 0.622, 0.4336 0.3363 0.622, 0.392 0.4163 0.622, 0.3615 0.3363 0.622, 0.3729 0.3363 0.622, 0.3806 0.3582 0.622, 0.414 0.3582 0.622, 0.4221 0.3363 0.622, 0.3839 0.3672 0.622, 0.4108 0.3672 0.622, 0.3987 0.4005 0.622, 0.3974 0.4061 0.622, 0.3981 0.4027 0.622, 0.3972 0.4061 0.622, 0.3959 0.4005 0.622, 0.3966 0.4029 0.622, 0.3966 0.4029 0.622
            ]
        }
        coordIndex [
            0,1,2,-1,2,1,3,-1,4,5,0,-1,0,5,6,-1,0,6,1,-1,1,6,7,-1,4,8,5,-1,5,8,9,-1,5,9,10,-1,10,9,11,-1,10,11,12,-1,12,13,10,-1,10,13,2,-1,10,2,14,-1,14,2,3,-1,14,3,15,-1,10,14,16,-1,16,14,17,-1,5,10,18,-1,18,10,16,-1,6,5,19,-1,19,5,18,-1,7,6,20,-1,20,6,19,-1,1,7,21,-1,21,7,20,-1,3,1,22,-1,22,1,21,-1,15,3,23,-1,23,3,22,-1,14,15,17,-1,17,15,23,-1,0,2,24,-1,24,2,25,-1,2,13,25,-1,25,13,26,-1,11,27,28,-1,11,28,12,-1,12,28,26,-1,12,26,13,-1,11,9,27,-1,27,9,29,-1,4,30,31,-1,4,31,8,-1,8,31,29,-1,8,29,9,-1,4,0,30,-1,30,0,24,-1,
        ]
    }
}
Shape{
    appearance Appearance {
        material  Material 	{
            diffuseColor 0.6666666666666666 0.6666666666666666 0.6666666666666666
            specularColor 0.4666666666666667 0.4666666666666667 0.4666666666666667
            ambientIntensity 0.2
            transparency 0
            shininess 0.5
        }
    }
    geometry IndexedFaceSet {
        ccw TRUE
        solid FALSE
        coord DEF co Coordinate {
            point [
                0.3974 0.4061 0.622, 0.3972 0.4061 0.622, 0.3981 0.4027 0.622, 0.3966 0.4029 0.622, 0.3987 0.4005 0.622, 0.3959 0.4005 0.622, 0.4108 0.3672 0.622, 0.3839 0.3672 0.622, 0.3839 0.3672 0.622
            ]
        }
        coordIndex [
            0,1,2,-1,2,1,3,-1,2,3,4,-1,4,3,5,-1,4,5,6,-1,6,5,7,-1,
        ]
    }
}
Shape{
    appearance Appearance {
        material  Material 	{
            diffuseColor 0.0 0.0 0.0
            specularColor 0.0 0.0 0.0
            ambientIntensity 0.2
            transparency 0
            shininess 0.5
        }
    }
    geometry IndexedFaceSet {
        ccw TRUE
        solid FALSE
        coord DEF co Coordinate {
            point [
                -0.3417 0.3249 0.6224, -0.3332 0.3145 0.6224, -0.3468 0.3753 0.6224, -0.3567 0.4742 0.6224, -0.344 0.4809 0.6224, -0.347 0.516 0.6224, -0.3115 0.5176 0.6224, -0.2939 0.476 0.6224, -0.2852 0.4941 0.6224, -0.3592 0.3829 0.6224, -0.3546 0.3393 0.6224, -0.3474 0.3371 0.6224, -0.3246 0.5187 0.6224, -0.2891 0.3765 0.6224, -0.2838 0.3746 0.6224, -0.2364 0.3611 0.6224, -0.2792 0.3715 0.6224, -0.2756 0.3674 0.6224, -0.1567 0.4032 0.6224, -0.1743 0.4333 0.6224, -0.2506 0.3935 0.6224, -0.2939 0.377 0.6224, -0.2994 0.3763 0.6224, -0.3069 0.4112 0.6224, -0.3044 0.3743 0.6224, -0.3195 0.4064 0.6224, -0.3089 0.3711 0.6224, -0.3311 0.3983 0.6224, -0.3111 0.3688 0.6224, -0.3405 0.3875 0.6224, -0.314 0.3641 0.6224, -0.3157 0.3587 0.6224, -0.316 0.3532 0.6224, -0.2726 0.409 0.6224, -0.2864 0.4124 0.6224, -0.2933 0.4129 0.6224, -0.2731 0.3627 0.6224, -0.2718 0.3574 0.6224, -0.2364 0.3554 0.6224, -0.2718 0.3523 0.6224, -0.2367 0.3494 0.6224, -0.1379 0.4595 0.6224, -0.1333 0.4595 0.6224, -0.11 0.4903 0.6224, -0.1225 0.4582 0.6224, -0.1072 0.4893 0.6224, -0.1126 0.4544 0.6224, -0.0903 0.4809 0.6224, -0.0748 0.4679 0.6224, -0.2998 0.5312 0.6224, -0.2724 0.5093 0.6224, -0.2865 0.5427 0.6224, -0.2571 0.5205 0.6224, -0.2715 0.5518 0.6224, -0.33 0.4843 0.6224, -0.324 0.4846 0.6224, -0.3181 0.5184 0.6224, -0.3107 0.4829 0.6224, -0.2979 0.4783 0.6224, -0.2606 0.4026 0.6224, -0.0747 0.3616 0.6224, -0.1012 0.3842 0.6224, -0.0902 0.3485 0.6224, -0.1096 0.3773 0.6224, -0.1075 0.34 0.6224, -0.1197 0.3727 0.6224, -0.1265 0.336 0.6224, -0.1299 0.3707 0.6224, -0.1601 0.336 0.6224, -0.1555 0.3707 0.6224, -0.1633 0.3365 0.6224, -0.315 0.3478 0.6224, -0.3127 0.343 0.6224, -0.1037 0.4482 0.6224, -0.0972 0.4409 0.6224, -0.0632 0.4517 0.6224, -0.0919 0.4311 0.6224, -0.0562 0.4343 0.6224, -0.0892 0.4201 0.6224, -0.0536 0.4157 0.6224, -0.0889 0.4151 0.6224, -0.0562 0.3954 0.6224, -0.0903 0.404 0.6224, -0.0634 0.3774 0.6224, -0.0942 0.3939 0.6224, -0.1005 0.385 0.6224, -0.1407 0.5353 0.6224, -0.163 0.5091 0.6224, -0.1217 0.5132 0.6224, -0.1502 0.4938 0.6224, -0.1414 0.4754 0.6224, -0.3793 0.4414 0.6224, -0.4167 0.432 0.6224, -0.381 0.4277 0.6224, -0.4168 0.4265 0.6224, -0.3803 0.4189 0.6224, -0.4141 0.4042 0.6224, -0.3762 0.4049 0.6224, -0.4059 0.383 0.6224, -0.3694 0.3934 0.6224, -0.3929 0.3645 0.6224, -0.3751 0.3493 0.6224, -0.24 0.3354 0.6224, -0.2732 0.3468 0.6224, -0.2468 0.3227 0.6224, -0.2758 0.3419 0.6224, -0.2555 0.3129 0.6224, -0.2789 0.3384 0.6224, -0.2668 0.305 0.6224, -0.2832 0.3353 0.6224, -0.2795 0.3001 0.6224, -0.2882 0.3333 0.6224, -0.2933 0.2984 0.6224, -0.2939 0.3326 0.6224, -0.2955 0.2985 0.6224, -0.2948 0.3326 0.6224, -0.3089 0.3006 0.6224, -0.2999 0.3334 0.6224, -0.3221 0.3061 0.6224, -0.3051 0.3357 0.6224, -0.3094 0.339 0.6224, -0.2451 0.5617 0.6224, -0.2385 0.528 0.6224, -0.2181 0.5649 0.6224, -0.2176 0.5307 0.6224, -0.1925 0.5619 0.6224, -0.1983 0.5283 0.6224, -0.1641 0.5513 0.6224, -0.1804 0.5215 0.6224, -0.1644 0.5104 0.6224, -0.3681 0.5078 0.6224, -0.3862 0.4951 0.6224, -0.3665 0.4655 0.6224, -0.3901 0.4914 0.6224, -0.3744 0.4541 0.6224, -0.4038 0.4739 0.6224, -0.4128 0.4534 0.6224, -0.1584 0.3713 0.6224, -0.1721 0.342 0.6224, -0.1707 0.3406 0.6224, -0.1567 0.3709 0.6224, -0.1671 0.338 0.6224, -0.1766 0.3536 0.6224, -0.1761 0.3494 0.6224, -0.1746 0.3455 0.6224, -0.1634 0.3707 0.6224, -0.1673 0.3692 0.6224, -0.1764 0.3559 0.6224, -0.1708 0.3667 0.6224, -0.1731 0.3641 0.6224, -0.1753 0.3602 0.6224, -0.1589 0.3713 0.6224, -0.0536 0.4157 0.622, -0.0562 0.4343 0.622, -0.0582 0.4391 0.622, -0.0632 0.4517 0.622, -0.0748 0.4679 0.622, -0.0903 0.4809 0.622, -0.1072 0.4893 0.622, -0.11 0.4903 0.622, -0.1217 0.5132 0.622, -0.1407 0.5353 0.622, -0.1536 0.544 0.622, -0.1641 0.5513 0.622, -0.1925 0.5619 0.622, -0.2181 0.5649 0.622, -0.2865 0.5427 0.622, -0.2842 0.544 0.622, -0.2715 0.5518 0.622, -0.2451 0.5617 0.622, -0.2998 0.5312 0.622, -0.3115 0.5176 0.622, -0.3181 0.5184 0.622, -0.3246 0.5187 0.622, -0.347 0.516 0.622, -0.3681 0.5078 0.622, -0.3862 0.4951 0.622, -0.3901 0.4914 0.622, -0.4168 0.4265 0.622, -0.4038 0.4739 0.622, -0.4128 0.4534 0.622, -0.4154 0.4391 0.622, -0.4167 0.432 0.622, -0.4141 0.4042 0.622, -0.4059 0.383 0.622, -0.3929 0.3645 0.622, -0.3751 0.3493 0.622, -0.3546 0.3393 0.622, -0.3474 0.3371 0.622, -0.3467 0.3356 0.622, -0.3417 0.3249 0.622, -0.3332 0.3145 0.622, -0.3221 0.3061 0.622, -0.3168 0.3039 0.622, -0.3089 0.3006 0.622, -0.2955 0.2985 0.622, -0.2933 0.2984 0.622, -0.2364 0.3554 0.622, -0.2795 0.3001 0.622, -0.2697 0.3039 0.622, -0.2668 0.305 0.622, -0.2555 0.3129 0.622, -0.2468 0.3227 0.622, -0.24 0.3354 0.622, -0.24 0.3356 0.622, -0.2367 0.3494 0.622, -0.2364 0.3611 0.622, -0.1567 0.4032 0.622, -0.1743 0.4333 0.622, -0.2506 0.3935 0.622, -0.2606 0.4026 0.622, -0.2726 0.409 0.622, -0.2864 0.4124 0.622, -0.2933 0.4129 0.622, -0.3069 0.4112 0.622, -0.3195 0.4064 0.622, -0.3311 0.3983 0.622, -0.3405 0.3875 0.622, -0.3468 0.3753 0.622, -0.3592 0.3829 0.622, -0.3694 0.3934 0.622, -0.3762 0.4049 0.622, -0.3803 0.4189 0.622, -0.381 0.4277 0.622, -0.3795 0.4391 0.622, -0.3793 0.4414 0.622, -0.3744 0.4541 0.622, -0.3665 0.4655 0.622, -0.3567 0.4742 0.622, -0.344 0.4809 0.622, -0.33 0.4843 0.622, -0.324 0.4846 0.622, -0.3107 0.4829 0.622, -0.2979 0.4783 0.622, -0.2939 0.476 0.622, -0.2852 0.4941 0.622, -0.2724 0.5093 0.622, -0.2571 0.5205 0.622, -0.2385 0.528 0.622, -0.2176 0.5307 0.622, -0.1983 0.5283 0.622, -0.1804 0.5215 0.622, -0.1644 0.5104 0.622, -0.163 0.5091 0.622, -0.1502 0.4938 0.622, -0.1414 0.4754 0.622, -0.1379 0.4595 0.622, -0.1333 0.4595 0.622, -0.1225 0.4582 0.622, -0.1126 0.4544 0.622, -0.1037 0.4482 0.622, -0.0972 0.4409 0.622, -0.0962 0.4391 0.622, -0.0919 0.4311 0.622, -0.0892 0.4201 0.622, -0.0889 0.4151 0.622, -0.0903 0.404 0.622, -0.0942 0.3939 0.622, -0.1005 0.385 0.622, -0.1012 0.3842 0.622, -0.1096 0.3773 0.622, -0.1197 0.3727 0.622, -0.1299 0.3707 0.622, -0.1555 0.3707 0.622, -0.1567 0.3709 0.622, -0.1584 0.3713 0.622, -0.1589 0.3713 0.622, -0.1634 0.3707 0.622, -0.1673 0.3692 0.622, -0.1708 0.3667 0.622, -0.1731 0.3641 0.622, -0.1753 0.3602 0.622, -0.1764 0.3559 0.622, -0.1766 0.3536 0.622, -0.1761 0.3494 0.622, -0.1746 0.3455 0.622, -0.1721 0.342 0.622, -0.1707 0.3406 0.622, -0.1671 0.338 0.622, -0.1633 0.3365 0.622, -0.1601 0.336 0.622, -0.1265 0.336 0.622, -0.1075 0.34 0.622, -0.0902 0.3485 0.622, -0.0747 0.3616 0.622, -0.0634 0.3774 0.622, -0.0562 0.3954 0.622, -0.2939 0.377 0.622, -0.2891 0.3765 0.622, -0.2838 0.3746 0.622, -0.2792 0.3715 0.622, -0.2756 0.3674 0.622, -0.2731 0.3627 0.622, -0.2718 0.3574 0.622, -0.2718 0.3523 0.622, -0.2732 0.3468 0.622, -0.2758 0.3419 0.622, -0.2789 0.3384 0.622, -0.2832 0.3353 0.622, -0.2882 0.3333 0.622, -0.2939 0.3326 0.622, -0.2948 0.3326 0.622, -0.2999 0.3334 0.622, -0.3051 0.3357 0.622, -0.3094 0.339 0.622, -0.3127 0.343 0.622, -0.315 0.3478 0.622, -0.316 0.3532 0.622, -0.3157 0.3587 0.622, -0.314 0.3641 0.622, -0.3111 0.3688 0.622, -0.3089 0.3711 0.622, -0.3044 0.3743 0.622, -0.2994 0.3763 0.622, -0.2994 0.3763 0.622
            ]
        }
        coordIndex [
            0,1,2,-1,3,4,5,-1,6,7,8,-1,9,10,2,-1,2,10,11,-1,2,11,0,-1,5,4,12,-1,13,14,15,-1,15,14,16,-1,15,16,17,-1,18,19,15,-1,15,19,20,-1,15,20,13,-1,13,20,21,-1,22,23,24,-1,24,23,25,-1,24,25,26,-1,26,25,27,-1,26,27,28,-1,28,27,29,-1,28,29,30,-1,30,29,2,-1,30,2,31,-1,31,2,32,-1,33,34,22,-1,22,34,35,-1,22,35,23,-1,17,36,15,-1,15,36,37,-1,15,37,38,-1,38,37,39,-1,38,39,40,-1,41,42,43,-1,43,42,44,-1,43,44,45,-1,45,44,46,-1,45,46,47,-1,47,46,48,-1,6,8,49,-1,49,8,50,-1,49,50,51,-1,51,50,52,-1,51,52,53,-1,4,54,12,-1,12,54,55,-1,12,55,56,-1,56,55,57,-1,56,57,6,-1,6,57,58,-1,6,58,7,-1,21,20,22,-1,22,20,59,-1,22,59,33,-1,60,61,62,-1,62,61,63,-1,62,63,64,-1,64,63,65,-1,64,65,66,-1,66,65,67,-1,66,67,68,-1,68,67,69,-1,68,69,70,-1,32,2,71,-1,71,2,1,-1,71,1,72,-1,46,73,48,-1,48,73,74,-1,48,74,75,-1,75,74,76,-1,75,76,77,-1,77,76,78,-1,77,78,79,-1,79,78,80,-1,79,80,81,-1,81,80,82,-1,81,82,83,-1,83,82,84,-1,83,84,60,-1,60,84,85,-1,60,85,61,-1,86,87,88,-1,88,87,89,-1,88,89,43,-1,43,89,90,-1,43,90,41,-1,91,92,93,-1,93,92,94,-1,93,94,95,-1,95,94,96,-1,95,96,97,-1,97,96,98,-1,97,98,99,-1,99,98,100,-1,99,100,9,-1,9,100,101,-1,9,101,10,-1,40,39,102,-1,102,39,103,-1,102,103,104,-1,104,103,105,-1,104,105,106,-1,106,105,107,-1,106,107,108,-1,108,107,109,-1,108,109,110,-1,110,109,111,-1,110,111,112,-1,112,111,113,-1,112,113,114,-1,114,113,115,-1,114,115,116,-1,116,115,117,-1,116,117,118,-1,118,117,119,-1,118,119,1,-1,1,119,120,-1,1,120,72,-1,53,52,121,-1,121,52,122,-1,121,122,123,-1,123,122,124,-1,123,124,125,-1,125,124,126,-1,125,126,127,-1,127,126,128,-1,127,128,86,-1,86,128,129,-1,86,129,87,-1,5,130,3,-1,3,130,131,-1,3,131,132,-1,132,131,133,-1,132,133,134,-1,134,133,135,-1,134,135,91,-1,91,135,136,-1,91,136,92,-1,137,138,139,-1,69,140,70,-1,70,140,137,-1,70,137,141,-1,141,137,139,-1,142,143,137,-1,137,143,144,-1,137,144,138,-1,145,146,147,-1,146,148,147,-1,147,148,149,-1,147,149,150,-1,142,137,147,-1,147,137,151,-1,147,151,145,-1,79,152,153,-1,79,153,77,-1,77,153,154,-1,77,154,75,-1,154,155,75,-1,75,155,156,-1,75,156,48,-1,48,156,157,-1,48,157,47,-1,47,157,158,-1,47,158,45,-1,45,158,159,-1,45,159,43,-1,43,159,160,-1,43,160,88,-1,88,160,161,-1,88,161,86,-1,127,86,162,-1,162,86,161,-1,162,163,127,-1,127,163,164,-1,127,164,125,-1,125,164,165,-1,125,165,123,-1,166,51,167,-1,167,51,53,-1,167,53,168,-1,168,53,121,-1,168,121,169,-1,169,121,123,-1,169,123,165,-1,51,166,170,-1,51,170,49,-1,49,170,171,-1,49,171,6,-1,6,171,172,-1,6,172,56,-1,56,172,173,-1,56,173,12,-1,12,173,174,-1,12,174,5,-1,5,174,175,-1,5,175,130,-1,130,175,176,-1,130,176,131,-1,131,176,177,-1,131,177,133,-1,178,94,92,-1,133,177,179,-1,133,179,135,-1,135,179,180,-1,135,180,136,-1,136,180,181,-1,136,181,92,-1,92,181,182,-1,92,182,178,-1,94,178,183,-1,94,183,96,-1,96,183,184,-1,96,184,98,-1,98,184,185,-1,98,185,100,-1,100,185,186,-1,100,186,101,-1,101,186,187,-1,101,187,10,-1,10,187,188,-1,10,188,11,-1,11,188,189,-1,11,189,0,-1,189,190,0,-1,0,190,191,-1,0,191,1,-1,1,191,192,-1,1,192,118,-1,118,192,193,-1,118,193,116,-1,193,194,116,-1,116,194,195,-1,116,195,114,-1,114,195,196,-1,114,196,112,-1,197,38,40,-1,112,196,198,-1,112,198,110,-1,110,198,199,-1,110,199,108,-1,199,200,108,-1,108,200,201,-1,108,201,106,-1,106,201,202,-1,106,202,104,-1,104,202,203,-1,104,203,102,-1,102,203,204,-1,102,204,40,-1,40,204,205,-1,40,205,197,-1,15,38,206,-1,206,38,197,-1,18,15,207,-1,207,15,206,-1,19,18,208,-1,208,18,207,-1,20,19,209,-1,209,19,208,-1,20,209,210,-1,20,210,59,-1,59,210,211,-1,59,211,33,-1,33,211,212,-1,33,212,34,-1,34,212,213,-1,34,213,35,-1,35,213,214,-1,35,214,23,-1,23,214,215,-1,23,215,25,-1,25,215,216,-1,25,216,27,-1,27,216,217,-1,27,217,29,-1,29,217,218,-1,29,218,2,-1,2,218,219,-1,2,219,9,-1,9,219,220,-1,9,220,99,-1,99,220,221,-1,99,221,97,-1,97,221,222,-1,97,222,95,-1,95,222,223,-1,95,223,93,-1,91,93,224,-1,224,93,223,-1,224,225,91,-1,91,225,226,-1,91,226,134,-1,134,226,227,-1,134,227,132,-1,132,227,228,-1,132,228,3,-1,3,228,229,-1,3,229,4,-1,4,229,230,-1,4,230,54,-1,54,230,231,-1,54,231,55,-1,55,231,232,-1,55,232,57,-1,57,232,233,-1,57,233,58,-1,58,233,234,-1,58,234,7,-1,7,234,235,-1,7,235,8,-1,8,235,236,-1,8,236,50,-1,50,236,237,-1,50,237,52,-1,52,237,238,-1,52,238,122,-1,122,238,239,-1,122,239,124,-1,124,239,240,-1,124,240,126,-1,126,240,241,-1,126,241,128,-1,128,241,242,-1,128,242,129,-1,129,242,243,-1,129,243,87,-1,87,243,244,-1,87,244,89,-1,89,244,245,-1,89,245,90,-1,90,245,246,-1,90,246,41,-1,42,41,247,-1,247,41,246,-1,42,247,248,-1,42,248,44,-1,44,248,249,-1,44,249,46,-1,46,249,250,-1,46,250,73,-1,73,250,251,-1,73,251,74,-1,74,251,252,-1,74,252,76,-1,252,253,76,-1,76,253,254,-1,76,254,78,-1,78,254,255,-1,78,255,80,-1,80,255,256,-1,80,256,82,-1,82,256,257,-1,82,257,84,-1,84,257,258,-1,84,258,85,-1,85,258,259,-1,85,259,61,-1,61,259,260,-1,61,260,63,-1,63,260,261,-1,63,261,65,-1,65,261,262,-1,65,262,67,-1,69,67,263,-1,263,67,262,-1,69,263,264,-1,69,264,140,-1,140,264,265,-1,140,265,137,-1,137,265,266,-1,137,266,151,-1,151,266,267,-1,151,267,145,-1,145,267,268,-1,145,268,146,-1,146,268,269,-1,146,269,148,-1,148,269,270,-1,148,270,149,-1,149,270,271,-1,149,271,150,-1,150,271,272,-1,150,272,147,-1,147,272,273,-1,147,273,142,-1,142,273,274,-1,142,274,143,-1,143,274,275,-1,143,275,144,-1,144,275,276,-1,144,276,138,-1,138,276,277,-1,138,277,139,-1,139,277,278,-1,139,278,141,-1,141,278,279,-1,141,279,70,-1,70,279,280,-1,70,280,68,-1,66,68,281,-1,281,68,280,-1,66,281,282,-1,66,282,64,-1,64,282,283,-1,64,283,62,-1,62,283,284,-1,62,284,60,-1,60,284,285,-1,60,285,83,-1,83,285,286,-1,83,286,81,-1,81,286,152,-1,81,152,79,-1,21,287,288,-1,21,288,13,-1,13,288,289,-1,13,289,14,-1,14,289,290,-1,14,290,16,-1,16,290,291,-1,16,291,17,-1,17,291,292,-1,17,292,36,-1,36,292,293,-1,36,293,37,-1,37,293,294,-1,37,294,39,-1,39,294,295,-1,39,295,103,-1,103,295,296,-1,103,296,105,-1,105,296,297,-1,105,297,107,-1,107,297,298,-1,107,298,109,-1,109,298,299,-1,109,299,111,-1,111,299,300,-1,111,300,113,-1,113,300,301,-1,113,301,115,-1,115,301,302,-1,115,302,117,-1,117,302,303,-1,117,303,119,-1,119,303,304,-1,119,304,120,-1,120,304,305,-1,120,305,72,-1,72,305,306,-1,72,306,71,-1,71,306,307,-1,71,307,32,-1,32,307,308,-1,32,308,31,-1,31,308,309,-1,31,309,30,-1,30,309,310,-1,30,310,28,-1,28,310,311,-1,28,311,26,-1,26,311,312,-1,26,312,24,-1,24,312,313,-1,24,313,22,-1,22,313,287,-1,22,287,21,-1,
        ]
    }
}
Shape{
    appearance Appearance {
        material  Material 	{
            diffuseColor 0.6666666666666666 0.6666666666666666 0.6666666666666666
            specularColor 0.4666666666666667 0.4666666666666667 0.4666666666666667
            ambientIntensity 0.2
            transparency 0
            shininess 0.5
        }
    }
    geometry IndexedFaceSet {
        ccw TRUE
        solid FALSE
        coord DEF co Coordinate {
            point [
                -0.2948 0.3326 0.622, -0.3089 0.3711 0.622, -0.3111 0.3688 0.622, -0.2882 0.3333 0.622, -0.2832 0.3353 0.622, -0.2891 0.3765 0.622, -0.2939 0.377 0.622, -0.2994 0.3763 0.622, -0.3044 0.3743 0.622, -0.315 0.3478 0.622, -0.3127 0.343 0.622, -0.3094 0.339 0.622, -0.2939 0.3326 0.622, -0.314 0.3641 0.622, -0.3157 0.3587 0.622, -0.316 0.3532 0.622, -0.3051 0.3357 0.622, -0.2999 0.3334 0.622, -0.2789 0.3384 0.622, -0.2758 0.3419 0.622, -0.2732 0.3468 0.622, -0.2718 0.3523 0.622, -0.2718 0.3574 0.622, -0.2731 0.3627 0.622, -0.2756 0.3674 0.622, -0.2792 0.3715 0.622, -0.2838 0.3746 0.622, -0.2838 0.3746 0.622
            ]
        }
        coordIndex [
            0,1,2,-1,3,4,5,-1,6,7,0,-1,0,7,8,-1,0,8,1,-1,9,10,2,-1,2,10,11,-1,6,0,5,-1,5,0,12,-1,5,12,3,-1,13,14,2,-1,2,14,15,-1,2,15,9,-1,11,16,2,-1,2,16,17,-1,2,17,0,-1,4,18,5,-1,5,18,19,-1,5,19,20,-1,20,21,5,-1,5,21,22,-1,5,22,23,-1,23,24,5,-1,5,24,25,-1,5,25,26,-1,
        ]
    }
}